Tytuł,Firma,Data opublikowania,Wynagrodzenie,Technologie,Link
Lead Java Engineer,N-iX,2025-01-08,25 392 - 30 716 pln,"['Fully remote', 'Spring Boot', 'Maven', 'Java']",https://justjoin.it/job-offer/n-ix-lead-java-engineer-warszawa-java-f4f4f615
Senior C++ Software Engineer,HERE Technologies,2025-01-08,14 000 - 20 000 pln,"['Fully remote', 'C++', 'Python', 'TypeScript']",https://justjoin.it/job-offer/here-technologies-senior-c-software-engineer-krakow-other
Senior DevOps Engineer (AWS),Future Processing,2025-01-08,21 000 - 33 200 pln,"['Fully remote', 'AWS', 'Terraform', 'Kubernetes']",https://justjoin.it/job-offer/future-processing-senior-devops-engineer-aws--gliwice-devops
Lead Data Engineer (Snowflake),N-iX,2025-01-08,26 620 - 32 764 pln,"['Fully remote', 'Cloud', 'DBT', 'SQL']",https://justjoin.it/job-offer/n-ix-lead-data-engineer-snowflake--warszawa-data
QA Engineer,AVSystem,2025-01-08,10 000 - 18 000 pln,"['Networks', 'Gatling', 'Scripting language']",https://justjoin.it/job-offer/avsystem-qa-engineer-krakow-testing
C++ Developer (Tuxedo),Experis Manpower Group,2025-01-08,26 880 - 28 560 pln,"['Fully remote', 'C++', 'Tuxedo']",https://justjoin.it/job-offer/experis-manpower-group-c-developer-tuxedo--warszawa-c-18d010c4
Senior ReactJS Developer (with backend experience),USEO Sp. z o.o.,2025-01-08,19 200 - 22 400 pln,"['Fully remote', 'ReactJS', 'TypeScript', 'CSS3']",https://justjoin.it/job-offer/useo-sp-z-o-o--senior-reactjs-developer-with-backend-experience--wroclaw-javascript-1de6e8af
Data Engineer,Kitopi,2025-01-04,16 000 - 24 000 pln,"['Polish', 'English', 'Python']",https://justjoin.it/job-offer/kitopi-data-engineer-krakow-data
Angular Developer (Mid/Senior),Experis Manpower Group,2025-01-08,20 160 - 30 240 pln,"['Fully remote', 'TypeScript', 'RxJS', 'UI/UX']",https://justjoin.it/job-offer/experis-manpower-group-angular-developer-mid-senior--warszawa-ux
Front-end Developer,Weegree Sp. z o.o.,2025-01-08,8 500 - 12 500 pln,"['HTML5', 'CSS3', 'React']",https://justjoin.it/job-offer/weegree-sp-z-o-o--front-end-developer-opole-html
Programista Java,Atende Industries,2025-01-08,10 000 - 18 000 pln,"['Oracle SQL', 'Spring Boot', 'RabbitMQ']",https://justjoin.it/job-offer/atende-industries-programista-java-warszawa-java
Front-end Architect,Experis Manpower Group,2025-01-08,30 240 - 38 640 pln,"['Fully remote', 'Leadership skills', 'front-end development']",https://justjoin.it/job-offer/experis-manpower-group-front-end-architect-warszawa-architecture
SAP Security Consultant,Experis Manpower Group,2025-01-08,28 560 - 36 960 pln,"['Fully remote', 'SAP Security', 'Risk Management', 'SAP GRC']",https://justjoin.it/job-offer/experis-manpower-group-sap-security-consultant-lodz-erp
SAP ABAP Developer,Experis Manpower Group,2025-01-08,28 560 - 33 600 pln,"['Fully remote', 'SAP Design', 'ABAP development', 'SAP S/4 HANA']",https://justjoin.it/job-offer/experis-manpower-group-sap-abap-developer-lodz-erp
Senior Embedded C/C++ Developer,Clurgo,2025-01-08,25 200 - 26 880 pln,"['Fully remote', 'ESP-IDF', 'C/C++', 'RTOS']",https://justjoin.it/job-offer/clurgo-senior-embedded-c-c-developer-warszawa-c
Backend Developer - AI Engineering,Text SA,2025-01-08,21 000 - 33 000 pln,"['Elasticsearch', 'Golang', 'Node.js']",https://justjoin.it/job-offer/text-sa-backend-developer---ai-engineering-wroclaw-go-9b4586bb
Software Engineer,Asana,2025-01-08,29 000 - 36 000 pln,"['Node.js', 'TypeScript', 'React']",https://justjoin.it/job-offer/asana-software-engineer-warszawa-javascript-72e94920
SAP Fiori Developer,Experis Manpower Group,2025-01-08,28 560 - 36 960 pln,"['Fully remote', 'sap ui5', 'SAP Fiori', 'S/4 HANA']",https://justjoin.it/job-offer/experis-manpower-group-sap-fiori-developer-lodz-erp
Senior Computer Vision Engineer,N-iX,2025-01-08,22 525 - 26 620 pln,"['Fully remote', 'AWS', 'Python', 'Computer Vision']",https://justjoin.it/job-offer/n-ix-senior-computer-vision-engineer-warszawa-ai
Java Regular Developer,Clurgo,2025-01-08,15 120 - 20 160 pln,"['Fully remote', 'Groovy', 'Java', 'Spring Boot']",https://justjoin.it/job-offer/clurgo-java-regular-developer-warszawa-java
Senior Backend Developer with Node.js,Text SA,2025-01-08,23 000 - 30 000 pln,"['Node.js', 'Redis', 'TypeScript']",https://justjoin.it/job-offer/text-sa-senior-backend-developer-with-node-js-wroclaw-javascript-815db644
SAP Finance Consultant,Experis Manpower Group,2025-01-08,28 560 - 35 280 pln,"['Fully remote', 'SAP implementation', 'SAP S/4 HANA', 'SAP FICO']",https://justjoin.it/job-offer/experis-manpower-group-sap-finance-consultant-lodz-erp
SAP SD/MM Consultant,Experis Manpower Group,2025-01-08,28 560 - 35 280 pln,"['Fully remote', 'SAP SD', 'SAP Functional Support', 'SAP S/4 HANA']",https://justjoin.it/job-offer/experis-manpower-group-sap-sd-mm-consultant-lodz-erp
SAP (WM/EWM) Logistics Consultant,Experis Manpower Group,2025-01-08,30 240 - 36 960 pln,"['Fully remote', 'Data analysis', 'SAP WM', 'Functional Support']",https://justjoin.it/job-offer/experis-manpower-group-sap-wm-ewm-logistics-consultant-lodz-erp
Power Apps Developer (MS Dynamics 365 CE),Experis Manpower Group,2025-01-08,25 200 - 28 560 pln,"['Fully remote', 'Power Automate', 'Dynamics 365 CE', 'Power Apps']",https://justjoin.it/job-offer/experis-manpower-group-power-apps-developer-ms-dynamics-365-ce--lodz-other
.Net Developer,Aspire Systems Poland,2025-01-08,13 000 - 16 000 pln,"['Fully remote', 'ASP.NET', 'JavaScript', 'MS SQL']",https://justjoin.it/job-offer/aspire-systems-poland--net-developer-gdansk-net-f5ea07b1
Identity and Access Management Support Engineer,Experis Manpower Group,2025-01-08,25 200 - 28 560 pln,"['Fully remote', 'IAM', 'PAM', 'SOAP']",https://justjoin.it/job-offer/experis-manpower-group-identity-and-access-management-support-engineer-lodz-security
DevOps Engineer with AWS (US East Coast working hours),Acaisoft,2025-01-08,20 000 - 31 000 pln,"['Fully remote', 'Docker', 'AWS', 'CI/CD']",https://justjoin.it/job-offer/acaisoft-devops-engineer-with-aws-us-east-coast-working-hours--warszawa-devops
Senior Scala/Java Developer,Experis Manpower Group,2025-01-08,30 240 - 35 280 pln,"['Fully remote', 'Databases', 'Java', 'Scala']",https://justjoin.it/job-offer/experis-manpower-group-senior-scala-java-developer-lodz-scala
Senior Java FullStack Developer,Experis Manpower Group,2025-01-08,28 560 - 33 600 pln,"['Fully remote', 'Hibernate', 'Java', 'PostreSQL']",https://justjoin.it/job-offer/experis-manpower-group-senior-java-fullstack-developer-lodz-java
M365 Migration Engineer,Jolera,2025-01-08,20 000 - 40 000 pln,"['Fully remote', 'M365', 'Azure Active Directory', 'Google Workspace']",https://justjoin.it/job-offer/jolera-m365-migration-engineer-warszawa-admin
Product Manager,BOLD PL,2025-01-08,12 000 - 14 000 pln,"['Fully remote', 'English skills', 'Product Management', 'A/B testing experience']",https://justjoin.it/job-offer/bold-pl-product-manager-marketing-ltv--warszawa-pm
C++ Software Engineer,Robotec.ai,2025-01-08,12 500 - 25 000 pln,"['Git', 'Linux', 'Unit Testing']",https://justjoin.it/job-offer/robotec-ai-c-software-engineer-warszawa-c-0f50690f
RMD Configuration Specialist,Jit Team,2025-01-08,9 500 - 21 000 pln,"['Fully remote', 'SQL', 'Oracle', 'RDBMS']",https://justjoin.it/job-offer/jit-team-rmd-configuration-specialist-warszawa-data
Software Development Engineer III - Java,Tesco Technology,2025-01-08,26 000 - 36 000 pln,"['Java', 'Git', 'Spring']",https://justjoin.it/job-offer/tesco-technology-software-development-engineer-iii---java-krakow-java
Backend Software Engineer – Golang,HAYS Poland,2025-01-08,21 000 - 28 000 pln,"['Fully remote', 'Integration Test', 'Golang', 'SQL']",https://justjoin.it/job-offer/hays-poland-backend-software-engineer---golang-krakow-go
Kubernetes Administrator,Link Group,2025-01-08,20 000 - 24 000 pln,"['Kubernetes', 'OpenShift', 'Networking']",https://justjoin.it/job-offer/link-group-kubernetes-administrator-warszawa-admin
Scrum Master (Pharma),Benchy sp. z o.o,2025-01-08,25 600 - 33 600 pln,"['Fully remote', 'Scrum@Scale', 'Jira', 'Confluence']",https://justjoin.it/job-offer/benchy-sp-z-o-o-scrum-master-pharma--katowice-pm
Senior Java Developer,Dom Maklerski BOŚ SA,2025-01-08,16 000 - 26 000 pln,"['Fully remote', 'Spring', 'Apache Kafka', 'Git']",https://justjoin.it/job-offer/dom-maklerski-bos-sa-senior-java-developer-bielsko-biala-java-b2eea02c
React Native Developer,Optiveum,2025-01-08,19 000 - 24 000 pln,"['JavaScript', 'TypeScript', 'React Native']",https://justjoin.it/job-offer/optiveum-react-native-developer-warszawa-javascript
Node.js BackEnd Developer,Optiveum,2025-01-08,18 000 - 25 000 pln,"['TypeScript', 'JavaScript', 'Node.js']",https://justjoin.it/job-offer/optiveum-node-js-backend-developer
Konsultant SAP FICO,ITFS,2025-01-08,26 900 - 30 200 pln,"['Fully remote', 'SAP FI-GL', 'SAP FI-TAX', 'SAP FICO']",https://justjoin.it/job-offer/itfs-konsultant-sap-fico-warszawa-erp
Lead Java Engineer,N-iX,2025-01-08,25 392 - 30 716 pln,"['Fully remote', 'Spring Boot', 'Maven', 'Java']",https://justjoin.it/job-offer/n-ix-lead-java-engineer-warszawa-java-f4f4f615
Software Engineer (Genesys),Experis Manpower Group,2025-01-08,23 520 - 28 560 pln,"['Fully remote', 'English', 'Java', 'JavaScript']",https://justjoin.it/job-offer/experis-manpower-group-software-engineer-genesys--warszawa-other
Lead Embedded Electronics Engineer  (Hardware/ Software),DefendEye P.S.A.,2025-01-08,15 000 - 30 000 pln,"['Embedded Systems', 'Embedded C', 'Embedded Linux']",https://justjoin.it/job-offer/defendeye-p-s-a--lead-embedded-electronics-engineer-hardware-software--krakow-c
Full-Stack Cloud Architect & Engineer (Real-Time Video Streaming),DefendEye P.S.A.,2025-01-04,15 000 - 30 000 pln,"['Next.js', 'Node.js', 'Golang']",https://justjoin.it/job-offer/defendeye-p-s-a--full-stack-cloud-architect-engineer-real-time-video-streaming--krakow-go
SAP Project Manager,Experis Manpower Group,2025-01-08,26 880 - 33 600 pln,"['Fully remote', 'Stakeholders management', 'Requirement management']",https://justjoin.it/job-offer/experis-manpower-group-sap-project-manager-lodz-erp
Java Developer with Angular,Acaisoft,2025-01-08,9 000 - 18 000 pln,"['Fully remote', 'English', 'Spring', 'PostgreSQL']",https://justjoin.it/job-offer/acaisoft-java-developer-warszawa-java
Senior Java Developer with Angular,Acaisoft,2025-01-08,17 000 - 22 000 pln,"['Fully remote', 'Docker', 'Spring', 'Java 8']",https://justjoin.it/job-offer/acaisoft-senior-java-developer-warszawa-java
Junior Java Developer with Angular,Acaisoft,2025-01-08,5 500 - 10 000 pln,"['Fully remote', 'English', 'Java 8', 'Spring']",https://justjoin.it/job-offer/acaisoft-junior-java-developer-warszawa-java
Network Administrator,Macrobond Financial,2025-01-08,16 000 - 20 000 pln,"['DNS', 'DHCP', 'TCP/IP']",https://justjoin.it/job-offer/macrobond-financial-network-administrator-szczecin-admin
SAP Security Consultant,Experis Manpower Group,2025-01-08,28 560 - 36 960 pln,"['Fully remote', 'SAP Security', 'Risk Management', 'SAP GRC']",https://justjoin.it/job-offer/experis-manpower-group-sap-security-consultant-lodz-erp
SAP ABAP Developer,Experis Manpower Group,2025-01-08,28 560 - 33 600 pln,"['Fully remote', 'SAP Design', 'ABAP development', 'SAP S/4 HANA']",https://justjoin.it/job-offer/experis-manpower-group-sap-abap-developer-lodz-erp
Senior Embedded C/C++ Developer,Clurgo,2025-01-08,25 200 - 26 880 pln,"['Fully remote', 'ESP-IDF', 'C/C++', 'RTOS']",https://justjoin.it/job-offer/clurgo-senior-embedded-c-c-developer-warszawa-c
Backend Developer - AI Engineering,Text SA,2025-01-08,21 000 - 33 000 pln,"['Elasticsearch', 'Golang', 'Node.js']",https://justjoin.it/job-offer/text-sa-backend-developer---ai-engineering-wroclaw-go-9b4586bb
Software Engineer,Asana,2025-01-08,29 000 - 36 000 pln,"['Node.js', 'TypeScript', 'React']",https://justjoin.it/job-offer/asana-software-engineer-warszawa-javascript-72e94920
SAP Fiori Developer,Experis Manpower Group,2025-01-08,28 560 - 36 960 pln,"['Fully remote', 'sap ui5', 'SAP Fiori', 'S/4 HANA']",https://justjoin.it/job-offer/experis-manpower-group-sap-fiori-developer-lodz-erp
Senior Computer Vision Engineer,N-iX,2025-01-08,22 525 - 26 620 pln,"['Fully remote', 'AWS', 'Python', 'Computer Vision']",https://justjoin.it/job-offer/n-ix-senior-computer-vision-engineer-warszawa-ai
Java Regular Developer,Clurgo,2025-01-08,15 120 - 20 160 pln,"['Fully remote', 'Groovy', 'Java', 'Spring Boot']",https://justjoin.it/job-offer/clurgo-java-regular-developer-warszawa-java
Senior Backend Developer with Node.js,Text SA,2025-01-08,23 000 - 30 000 pln,"['Node.js', 'Redis', 'TypeScript']",https://justjoin.it/job-offer/text-sa-senior-backend-developer-with-node-js-wroclaw-javascript-815db644
SAP Finance Consultant,Experis Manpower Group,2025-01-08,28 560 - 35 280 pln,"['Fully remote', 'SAP implementation', 'SAP S/4 HANA', 'SAP FICO']",https://justjoin.it/job-offer/experis-manpower-group-sap-finance-consultant-lodz-erp
SAP SD/MM Consultant,Experis Manpower Group,2025-01-08,28 560 - 35 280 pln,"['Fully remote', 'SAP SD', 'SAP Functional Support', 'SAP S/4 HANA']",https://justjoin.it/job-offer/experis-manpower-group-sap-sd-mm-consultant-lodz-erp
SAP (WM/EWM) Logistics Consultant,Experis Manpower Group,2025-01-08,30 240 - 36 960 pln,"['Fully remote', 'Data analysis', 'SAP WM', 'Functional Support']",https://justjoin.it/job-offer/experis-manpower-group-sap-wm-ewm-logistics-consultant-lodz-erp
Power Apps Developer (MS Dynamics 365 CE),Experis Manpower Group,2025-01-08,25 200 - 28 560 pln,"['Fully remote', 'Power Automate', 'Dynamics 365 CE', 'Power Apps']",https://justjoin.it/job-offer/experis-manpower-group-power-apps-developer-ms-dynamics-365-ce--lodz-other
.Net Developer,Aspire Systems Poland,2025-01-08,13 000 - 16 000 pln,"['Fully remote', 'ASP.NET', 'JavaScript', 'MS SQL']",https://justjoin.it/job-offer/aspire-systems-poland--net-developer-gdansk-net-f5ea07b1
Identity and Access Management Support Engineer,Experis Manpower Group,2025-01-08,25 200 - 28 560 pln,"['Fully remote', 'IAM', 'PAM', 'SOAP']",https://justjoin.it/job-offer/experis-manpower-group-identity-and-access-management-support-engineer-lodz-security
DevOps Engineer with AWS (US East Coast working hours),Acaisoft,2025-01-08,20 000 - 31 000 pln,"['Fully remote', 'Docker', 'AWS', 'CI/CD']",https://justjoin.it/job-offer/acaisoft-devops-engineer-with-aws-us-east-coast-working-hours--warszawa-devops
Senior Scala/Java Developer,Experis Manpower Group,2025-01-08,30 240 - 35 280 pln,"['Fully remote', 'Databases', 'Java', 'Scala']",https://justjoin.it/job-offer/experis-manpower-group-senior-scala-java-developer-lodz-scala
Senior Java FullStack Developer,Experis Manpower Group,2025-01-08,28 560 - 33 600 pln,"['Fully remote', 'Hibernate', 'Java', 'PostreSQL']",https://justjoin.it/job-offer/experis-manpower-group-senior-java-fullstack-developer-lodz-java
M365 Migration Engineer,Jolera,2025-01-08,20 000 - 40 000 pln,"['Fully remote', 'M365', 'Azure Active Directory', 'Google Workspace']",https://justjoin.it/job-offer/jolera-m365-migration-engineer-warszawa-admin
Product Manager,BOLD PL,2025-01-08,12 000 - 14 000 pln,"['Fully remote', 'English skills', 'Product Management', 'A/B testing experience']",https://justjoin.it/job-offer/bold-pl-product-manager-marketing-ltv--warszawa-pm
C++ Software Engineer,Robotec.ai,2025-01-08,12 500 - 25 000 pln,"['Git', 'Linux', 'Unit Testing']",https://justjoin.it/job-offer/robotec-ai-c-software-engineer-warszawa-c-0f50690f
RMD Configuration Specialist,Jit Team,2025-01-08,9 500 - 21 000 pln,"['Fully remote', 'SQL', 'Oracle', 'RDBMS']",https://justjoin.it/job-offer/jit-team-rmd-configuration-specialist-warszawa-data
Software Development Engineer III - Java,Tesco Technology,2025-01-08,26 000 - 36 000 pln,"['Java', 'Git', 'Spring']",https://justjoin.it/job-offer/tesco-technology-software-development-engineer-iii---java-krakow-java
Product Control Analyst,Experis Manpower Group,2025-01-08,14 400 - 27 200 pln,"['Fully remote', 'Analytical Tools', 'control processes']",https://justjoin.it/job-offer/experis-manpower-group-product-control-analyst-warszawa-analytics
Senior Java Developer,Directio,2025-01-04,23 500 - 27 500 pln,"['Fully remote', 'Java', 'Backend', 'Automated Testing']",https://justjoin.it/job-offer/directio-java-developer-warszawa-java
Data Architect,Experis Manpower Group,2025-01-08,30 240 - 40 320 pln,"['Fully remote', 'SQL', 'NoSQL', 'Tableau']",https://justjoin.it/job-offer/experis-manpower-group-data-architect-lodz-data
Senior Engineer (C with Java),Macrix Polska,2025-01-08,16 500 - 27 000 pln,"['C', 'Java', 'Python']",https://justjoin.it/job-offer/macrix-polska-senior-engineer-c-with-python--poznan-c
Senior Azure Data Engineer,Experis Manpower Group,2025-01-08,28 560 - 33 600 pln,"['Fully remote', 'Python', 'Azure Data Lake', 'Azure Data Factory']",https://justjoin.it/job-offer/experis-manpower-group-senior-azure-data-engineer-lodz-data
Fullstack Developer (Java + JS),SCALO,2025-01-08,20 160 - 23 520 pln,"['Fully remote', 'PostgreSQL', 'Apache Kafka', 'Spring Boot']",https://justjoin.it/job-offer/scalo-fullstack-developer-java-js--katowice-javascript
Fullstack Developer (Java + JS),SCALO,2025-01-08,20 160 - 23 520 pln,"['Fully remote', 'Apache Kafka', 'Spring Boot', 'Java']",https://justjoin.it/job-offer/scalo-fullstack-developer-java-js--katowice-java-3b14129f
Senior Data Scientist,Experis Manpower Group,2025-01-08,26 880 - 30 240 pln,"['Fully remote', 'Spark', 'R language', 'SQL']",https://justjoin.it/job-offer/experis-manpower-group-senior-data-scientist-lodz-data
MS Dynamics Senior Data Analyst,Experis Manpower Group,2025-01-08,23 520 - 30 240 pln,"['Fully remote', 'Power BI', 'MS Dynamics', 'SQL']",https://justjoin.it/job-offer/experis-manpower-group-ms-dynamics-senior-data-analyst-lodz-data
Senior Power BI Data Engineer,Experis Manpower Group,2025-01-08,26 880 - 30 240 pln,"['Fully remote', 'SQL', 'Power BI', 'ETL']",https://justjoin.it/job-offer/experis-manpower-group-senior-power-bi-data-engineer-lodz-data
Azure DataBricks Engineer,CRODU,2025-01-08,23 520 - 31 920 pln,"['Fully remote', 'Azure', 'Databricks', 'SQL']",https://justjoin.it/job-offer/crodu-azure-databricks-engineer-krakow-data-3c28e8e8
.NET Developer,Operator Systems,2025-01-08,10 000 - 20 000 pln,"['Fully remote', '.Net', 'C#', 'SQL Server Reporting Services']",https://justjoin.it/job-offer/operator-systems--net-developer-krakow-net
Senior Node.js / DevOps Engineer,Code and Pepper,2025-01-08,22 000 - 28 000 pln,"['Fully remote', 'Node.js', 'TypeScript', 'JavaScript']",https://justjoin.it/job-offer/code-and-pepper-senior-node-js-devops-engineer-szczecin-javascript
Senior Android Developer,Code and Pepper,2025-01-08,24 000 - 28 000 pln,"['Fully remote', 'Kotlin', 'Java', 'UX']",https://justjoin.it/job-offer/code-and-pepper-senior-android-developer-olsztyn-mobile
Senior React Native Developer,Callstack,2025-01-08,21 000 - 33 000 pln,"['Fully remote', 'React.JS', 'JavaScript', 'React Native']",https://justjoin.it/job-offer/callstack-senior-react-native-developer-wroclaw-javascript-b2c1bb2c
Senior Data Analyst,Kryptonim,2025-01-08,17 000 - 20 000 pln,"['Data analysis', 'SQL', 'Databases']",https://justjoin.it/job-offer/kryptonim-senior-data-analyst-warszawa-pm
Fullstack (PHP/Angular) Developer,Collegium Da Vinci,2025-01-03,10 000 - 15 000 pln,"['JavaScript', 'PHP', 'Symfony']",https://justjoin.it/job-offer/collegium-da-vinci-fullstack-php-angular-developer-poznan-php
Application Security Analyst,ER Group,2025-01-08,16 382 - 20 477 pln,"['IT Security', 'Security']",https://justjoin.it/job-offer/er-group-application-security-analyst-walencja-security
WebMethods Developer,ER Group,2025-01-08,16 000 - 18 000 pln,"['Fully remote', 'MySQL', 'ESB', 'webMethods']",https://justjoin.it/job-offer/er-group-webmethods-developer-warszawa-other-4c51e027
Solution Architect,ER Group,2025-01-08,30 716 - 33 992 pln,"['Fully remote', 'Architecture', 'Software Architecture', 'CMS']",https://justjoin.it/job-offer/er-group-solution-architect-warszawa-architecture
MLOps Engineer,Holisticon Insight,2025-01-08,20 160 - 26 544 pln,"['Fully remote', 'English', 'Python', 'MLflow']",https://justjoin.it/job-offer/holisticon-insight-mlops-engineer-wroclaw-devops
Mid FullStack Developer (Java + Angular),ITDS,2025-01-08,18 900 - 22 680 pln,"['Hibernate', 'Java', 'Spring']",https://justjoin.it/job-offer/itds-mid-fullstack-developer-java-angular--warszawa-java
Senior Java Software Engineer,Dynatrace,2025-01-08,16 000 - 22 000 pln,"['Java', 'Gradle', 'Python']",https://justjoin.it/job-offer/dynatrace-senior-java-software-engineer-gdansk-java
iOS Team Leader,Grupa Blix,2025-01-08,20 000 - 25 000 pln,"['Fully remote', 'Polish', 'iOS', 'Swift']",https://justjoin.it/job-offer/grupa-blix-ios-team-leader-poznan-mobile
Senior Angular Developer,Code and Pepper,2025-01-08,22 000 - 28 000 pln,"['Fully remote', 'Scrum', 'Angular', 'TypeScript']",https://justjoin.it/job-offer/code-and-pepper-senior-angular-developer-warszawa-javascript
Python Developer with DevOps Approach,Straal,2025-01-08,14 000 - 20 000 pln,"['Fully remote', 'Python', 'Git', 'PostgreSQL']",https://justjoin.it/job-offer/straal-python-developer-with-devops-approach-warszawa-python
Cloud Operation Engineer,LetzCode,2025-01-08,34 000 - 36 000 pln,"['Fully remote', 'Troubleshooting', 'Communication', 'IT Support']",https://justjoin.it/job-offer/letzcode-cloud-operation-engineer-luxembourg-devops
DevOps Engineer,Daftcode,2025-01-08,20 000 - 27 000 pln,"['Monitoring Tools', 'Public Clouds', 'CI/CD']",https://justjoin.it/job-offer/daftcode-devops-engineer-warszawa-devops
QA Automation Lead Engineer (Fintech project),Syberry,2025-01-08,20 000 - 30 000 pln,"['Fully remote', 'JavaScript', 'e2e testing', 'Playwright']",https://justjoin.it/job-offer/syberry-qa-automation-lead-engineer-fintech-project--krakow-testing
Senior DevOps Engineer,Syberry,2025-01-08,25 000 - 40 000 pln,"['Fully remote', 'English', 'Amazon AWS', 'Software Development']",https://justjoin.it/job-offer/syberry-senior-devops-engineer-warszawa-devops
"Software Engineer II, Backend (Comms Platform)",Affirm,2025-01-08,21 000 - 29 333 pln,"['Fully remote', 'Python', 'AWS', 'Kotlin']",https://justjoin.it/job-offer/affirm-software-engineer-ii-backend-comms-platform--warszawa-python
"Fullstack Developer (Node.js, React)",Synerise,2025-01-08,12 000 - 18 000 pln,"['Fully remote', 'Node.js', 'React', 'TypeScript']",https://justjoin.it/job-offer/synerise-fullstack-developer-node-js-react--krakow-javascript
"SAP BI Developer/Consultant (SAP BW/4HANA, SAP Datasphere)",CODA100,2025-01-08,25 006 - 35 722 pln,"['Fully remote', 'SAP', 'SAP HANA', 'SQL']",https://justjoin.it/job-offer/coda100-sap-bi-developer-consultant-sap-bw-4hana-sap-datasphere--frankfurt-am-main-erp
Senior Service Consultant z j. niemieckim (MicroStrategy),dmTECH Polska,2025-01-08,10 700 - 14 600 pln,"['Fully remote', 'Microstrategy', 'SQL', 'Confluence']",https://justjoin.it/job-offer/dmtech-polska-senior-service-consultant-z-j-niemieckim-microstrategy--wroclaw-support
Senior .NET Engineer,Macrix Polska,2025-01-08,15 500 - 26 000 pln,['.Net'],https://justjoin.it/job-offer/macrix-polska-senior-net-engineer-poznan-net
Senior Service Consultant z j. niemieckim (ETL),dmTECH Polska,2025-01-08,10 700 - 14 600 pln,"['Fully remote', 'Atlassian Confluence', 'Atlassian JIRA', 'Datadog']",https://justjoin.it/job-offer/dmtech-polska-senior-service-consultant-z-j-niemieckim-etl--wroclaw-data
Administrator Systemów IT,Macrix Polska,2025-01-08,11 000 - 17 000 pln,"['Jira', 'Cybersecurity', 'English']",https://justjoin.it/job-offer/macrix-polska-administrator-systemow-it-poznan-admin
Product Control Analyst,Experis Manpower Group,2025-01-08,14 400 - 27 200 pln,"['Fully remote', 'Analytical Tools', 'control processes']",https://justjoin.it/job-offer/experis-manpower-group-product-control-analyst-warszawa-analytics
Senior Java Developer,Directio,2025-01-04,23 500 - 27 500 pln,"['Fully remote', 'Java', 'Backend', 'Automated Testing']",https://justjoin.it/job-offer/directio-java-developer-warszawa-java
Data Architect,Experis Manpower Group,2025-01-08,30 240 - 40 320 pln,"['Fully remote', 'SQL', 'NoSQL', 'Tableau']",https://justjoin.it/job-offer/experis-manpower-group-data-architect-lodz-data
Senior Engineer (C with Java),Macrix Polska,2025-01-08,16 500 - 27 000 pln,"['C', 'Java', 'Python']",https://justjoin.it/job-offer/macrix-polska-senior-engineer-c-with-python--poznan-c
Senior Azure Data Engineer,Experis Manpower Group,2025-01-08,28 560 - 33 600 pln,"['Fully remote', 'Python', 'Azure Data Lake', 'Azure Data Factory']",https://justjoin.it/job-offer/experis-manpower-group-senior-azure-data-engineer-lodz-data
"Analyst II, Full Stack",Affirm,2025-01-08,18 300 - 26 600 pln,"['Fully remote', 'Python', 'SQL', 'NumPy']",https://justjoin.it/job-offer/affirm-analyst-ii-full-stack-warszawa-python
Fullstack Developer,DPDgroup IT Solutions,2025-01-08,12 000 - 22 000 pln,"['Angular', 'CSS', 'TypeScript']",https://justjoin.it/job-offer/dpdgroup-it-solutions-fullstack-developer-warszawa-javascript
DevOps Engineer,March Networks Poland,2025-01-08,15 500 - 21 000 pln,"['Jenkins', 'Cloud', 'Linux']",https://justjoin.it/job-offer/march-networks-poland-devops-engineer
DevOps Engineer,Pragmile,2025-01-08,24 000 - 27 200 pln,"['SQL', 'Kubernetes', 'Terraform']",https://justjoin.it/job-offer/pragmile-devops-engineer-gcp--lublin-devops
Fullstack Developer (Java + Angular),Devapo,2025-01-08,15 520 - 16 800 pln,"['Java (8/11/17)', 'Spring Boot', 'TypeScript']",https://justjoin.it/job-offer/devapo-fullstack-developer-java-angular--warszawa-java
Senior Server Administrator (MS Windows),FIEGE Sp. z.o.o.,2025-01-08,14 000 - 19 500 pln,"['Fully remote', 'MS SQL Server', 'VMware', 'MS Windows Server']",https://justjoin.it/job-offer/fiege-sp-z-o-o--senior-server-administrator-ms-windows--warszawa-admin
Workplace Automation Engineer,FIEGE Sp. z.o.o.,2025-01-08,17 000 - 22 000 pln,"['Fully remote', 'Windows 10', 'Microsoft Intune', 'MS Office']",https://justjoin.it/job-offer/fiege-sp-z-o-o--workplace-automation-engineer-warszawa-support
Database Administrator for Oracle & Microsoft-SQL-Server,FIEGE Sp. z.o.o.,2025-01-08,16 000 - 18 000 pln,"['Fully remote', 'Oracle', 'MS SQL', 'Azure']",https://justjoin.it/job-offer/fiege-sp-z-o-o--database-administrator-for-oracle-microsoft-sql-server-warszawa-admin-2e000862
IT Asset Manager,FIEGE Sp. z.o.o.,2025-01-08,14 000 - 18 000 pln,"['Fully remote', 'matrix42']",https://justjoin.it/job-offer/fiege-sp-z-o-o--it-asset-manager-warszawa-other
Database Administrator for Oracle & Microsoft-SQL-Server,FIEGE Sp. z.o.o.,2025-01-08,17 000 - 23 000 pln,"['Fully remote', 'MS SQL', 'Oracle', 'Azure']",https://justjoin.it/job-offer/fiege-sp-z-o-o--database-administrator-for-oracle-microsoft-sql-server-warszawa-admin
Test Engineer,Wonder Miles,2025-01-08,5 500 - 8 000 pln,"['English', 'Programming', 'SQL']",https://justjoin.it/job-offer/wonder-miles-test-engineer-warszawa-testing
KYC Specialist,Experis Manpower Group,2025-01-04,13 440 - 23 520 pln,"['Fully remote', 'KYC', 'AML']",https://justjoin.it/job-offer/experis-manpower-group-kyc-specialist-warszawa-other
Senior Big Data Engineer,Experis Manpower Group,2025-01-04,28 560 - 35 280 pln,"['Fully remote', 'English', 'Cloud Computing', 'Apache Hadoop']",https://justjoin.it/job-offer/experis-manpower-group-senior-big-data-engineer-warszawa-data
Senior UX/UI Designer,The Rectangles,2025-01-04,12 000 - 18 000 pln,"['Fully remote', 'Figma', 'UX/UI', 'Analytical Thinking']",https://justjoin.it/job-offer/the-rectangles-senior-ux-ui-designer-gdansk-ux
Senior AI Data Engineer,Experis Manpower Group,2025-01-04,33 600 - 38 640 pln,"['Fully remote', 'Data Engineering', 'English', 'Cloud']",https://justjoin.it/job-offer/experis-manpower-group-senior-ai-data-engineer-warszawa-data
Software Asset Management (SAM) Analyst,Jit Team,2025-01-04,15 200 - 22 470 pln,"['Excel', 'SQL', 'SharePoint']",https://justjoin.it/job-offer/jit-team-software-asset-management-sam-analyst-warszawa-analytics
Software Engineer - RoR,Cornerstone OnDemand,2025-01-04,8 000 - 13 000 pln,"['Fully remote', 'Ruby on Rails', 'MySQL', 'AWS']",https://justjoin.it/job-offer/cornerstone-ondemand-software-engineer---ror-krakow-ruby
Head of Cryptography Agility and Post Quantum Capabilities,Antal Sp. z o.o.,2025-01-04,25 000 - 35 000 pln,['Computer science'],https://justjoin.it/job-offer/antal-sp-z-o-o--head-of-cryptography-agility-and-post-quantum-capabilities-krakow-security
JavaScript Fullstack Developer,Experis Manpower Group,2025-01-04,25 200 - 33 600 pln,"['Fully remote', 'JavaScript']",https://justjoin.it/job-offer/experis-manpower-group-javascript-fullstack-developer-warszawa-javascript
AWS Cloud Engineer,Experis Manpower Group,2025-01-04,30 240 - 33 600 pln,"['Fully remote', 'English', 'AWS']",https://justjoin.it/job-offer/experis-manpower-group-aws-cloud-engineer-warszawa-devops
Fullstack Python Developer,Experis Manpower Group,2025-01-04,25 200 - 33 600 pln,"['Fully remote', 'Python']",https://justjoin.it/job-offer/experis-manpower-group-fullstack-python-developer-warszawa-python
Senior Embedded Engineer,Softgent,2025-01-04,16 000 - 25 000 pln,"['RTOS', 'C', 'I2C']",https://justjoin.it/job-offer/softgent-senior-embedded-engineer-gdansk-c
Remote DevOps Engineer,Ligo Headhunters,2025-01-08,25 000 - 35 000 pln,"['Linux (Debian)', 'Azure DevOps', 'Docker']",https://justjoin.it/job-offer/ligo-headhunters-remote-devops-engineer-krakow-devops-f4b61f62
Customer Technical Support,XtraMile,2025-01-04,5 000 - 9 000 pln,"['MsSQL', 'API', 'TypeScript']",https://justjoin.it/job-offer/xtramile-customer-technical-support-gdansk-support
C++ Developer,Experis Manpower Group,2025-01-04,16 800 - 19 320 pln,"['Fully remote', 'Linux', 'C++', 'Agile']",https://justjoin.it/job-offer/experis-manpower-group-c-developer-warszawa-c
Technical Leader for DC migration project,HAYS Poland,2025-01-04,31 000 - 36 000 pln,"['Middleware', 'Infrastructure', 'Data Center']",https://justjoin.it/job-offer/hays-poland-technical-leader-for-dc-migration-project-warszawa-data
Product Owner,Avenga,2025-01-04,25 000 - 28 000 pln,"['Product backlog', 'product owner']",https://justjoin.it/job-offer/avenga-product-owner-warszawa-pm-95cf04b9
Azure Cloud Engineer,Experis Manpower Group,2025-01-04,30 240 - 33 600 pln,"['Fully remote', 'English', 'Azure', 'Powershell']",https://justjoin.it/job-offer/experis-manpower-group-azure-cloud-engineer-warszawa-devops
Cloud Security Architect,Experis Manpower Group,2025-01-04,33 600 - 38 640 pln,"['Fully remote', 'English', 'Security', 'Cloud']",https://justjoin.it/job-offer/experis-manpower-group-cloud-security-architect-warszawa-architecture-b6f4d756
Digital Marketing Specialist,Team Connect,2025-01-08,8 400 - 13 440 pln,"['Fully remote', 'Push Notifications', 'CRM', 'AEP']",https://justjoin.it/job-offer/team-connect-digital-marketing-specialist-warszawa-other
DevOps Engineer,Ness Solution,2025-01-04,19 000 - 23 500 pln,"['CI/CD', 'Docker', 'Podman']",https://justjoin.it/job-offer/ness-solution-devops-engineer-warszawa-devops-bda28a90
Tester Manualny,PhotoAiD,2025-01-04,40 - 45 pln,"['Fully remote', 'Jira', 'Mobile App Testing', 'Web Application Testing']",https://justjoin.it/job-offer/photoaid-tester-manualny-warszawa-testing
Junior DevOps Engineer,Match-Trade Technologies,2025-01-08,8 000 - 10 000 pln,"['AWS', 'Git', 'Elasticsearch']",https://justjoin.it/job-offer/match-trade-technologies-junior-devops-engineer-warszawa-devops-53335ec2
Senior DevOps Engineer,Match-Trade Technologies,2025-01-04,15 000 - 25 000 pln,"['Fully remote', 'Linux', 'AWS', 'Elasticsearch']",https://justjoin.it/job-offer/match-trade-technologies-senior-devops-engineer-warszawa-devops
Manual Tester,SCALO,2025-01-04,18 480 - 20 158 pln,"['Fully remote', 'WCAG', 'Adobe CC', 'NVDA']",https://justjoin.it/job-offer/scalo-manual-tester-katowice-testing
Senior ESG Data Engineer,Experis Manpower Group,2025-01-04,30 240 - 35 280 pln,"['Fully remote', 'ESG', 'Data Engineering', 'English']",https://justjoin.it/job-offer/experis-manpower-group-senior-esg-data-engineer-warszawa-data
Middle Power BI Engineer (part-time cooperation),N-iX,2025-01-04,12 367 - 15 665 pln,"['Fully remote', 'Power BI']",https://justjoin.it/job-offer/n-ix-middle-power-bi-engineer-part-time-cooperation--krakow-data
Senior Middleware and Automation Engineer,Experis Manpower Group,2025-01-04,28 560 - 31 080 pln,"['Fully remote', 'Azure', 'Powershell', 'T-SQL']",https://justjoin.it/job-offer/experis-manpower-group-senior-middleware-and-automation-engineer-warszawa-devops
Senior FullStack Engineer (Java + React),N-iX,2025-01-04,22 674 - 23 910 pln,"['Fully remote', 'Java', 'React', 'AWS']",https://justjoin.it/job-offer/n-ix-senior-fullstack-engineer-java-react--krakow-java
Senior Software Developer - Trading & Financial Markets,Jit Team,2025-01-04,19 000 - 25 830 pln,"['Java', 'Linux']",https://justjoin.it/job-offer/jit-team-senior-software-developer---trading-financial-markets-warszawa-java
Staff Backend Engineer,LeoVegas,2025-01-08,32 500 - 35 000 pln,"['Java', 'Microservices', 'Spring Boot']",https://justjoin.it/job-offer/leovegas-staff-backend-engineer-warszawa-java
Senior Java Developer - New Project,LeoVegas,2025-01-08,20 000 - 32 000 pln,"['Microservices', 'Java', 'MySQL']",https://justjoin.it/job-offer/leovegas-senior-java-developer---new-project-warszawa-java
C/C++ Developer,Experis Manpower Group,2025-01-08,23 520 - 26 880 pln,"['Fully remote', 'multi-threaded programming', 'C/C++']",https://justjoin.it/job-offer/experis-manpower-group-c-c-developer-warszawa-c-51a9ad07
Senior C++ Software Engineer,HERE Technologies,2025-01-08,14 000 - 20 000 pln,"['Fully remote', 'C++', 'Python', 'TypeScript']",https://justjoin.it/job-offer/here-technologies-senior-c-software-engineer-krakow-other
Senior DevOps Engineer (AWS),Future Processing,2025-01-08,21 000 - 33 200 pln,"['Fully remote', 'AWS', 'Terraform', 'Kubernetes']",https://justjoin.it/job-offer/future-processing-senior-devops-engineer-aws--gliwice-devops
Lead Data Engineer (Snowflake),N-iX,2025-01-08,26 796 - 32 980 pln,"['Fully remote', 'Cloud', 'DBT', 'SQL']",https://justjoin.it/job-offer/n-ix-lead-data-engineer-snowflake--warszawa-data
QA Engineer,AVSystem,2025-01-08,10 000 - 18 000 pln,"['Networks', 'Gatling', 'Scripting language']",https://justjoin.it/job-offer/avsystem-qa-engineer-krakow-testing
C++ Developer (Tuxedo),Experis Manpower Group,2025-01-08,26 880 - 28 560 pln,"['Fully remote', 'C++', 'Tuxedo']",https://justjoin.it/job-offer/experis-manpower-group-c-developer-tuxedo--warszawa-c-18d010c4
Senior ReactJS Developer (with backend experience),USEO Sp. z o.o.,2025-01-08,19 200 - 22 400 pln,"['Fully remote', 'ReactJS', 'TypeScript', 'CSS3']",https://justjoin.it/job-offer/useo-sp-z-o-o--senior-reactjs-developer-with-backend-experience--wroclaw-javascript-1de6e8af
Data Engineer,Kitopi,2025-01-04,16 000 - 24 000 pln,"['Polish', 'English', 'Python']",https://justjoin.it/job-offer/kitopi-data-engineer-krakow-data
Angular Developer (Mid/Senior),Experis Manpower Group,2025-01-08,20 160 - 30 240 pln,"['Fully remote', 'TypeScript', 'RxJS', 'UI/UX']",https://justjoin.it/job-offer/experis-manpower-group-angular-developer-mid-senior--warszawa-ux
Front-end Developer,Weegree Sp. z o.o.,2025-01-08,8 500 - 12 500 pln,"['HTML5', 'CSS3', 'React']",https://justjoin.it/job-offer/weegree-sp-z-o-o--front-end-developer-opole-html
Programista Java,Atende Industries,2025-01-08,10 000 - 18 000 pln,"['Oracle SQL', 'Spring Boot', 'RabbitMQ']",https://justjoin.it/job-offer/atende-industries-programista-java-warszawa-java
Senior Database Administrator,Experis Manpower Group,2025-01-04,23 520 - 28 560 pln,"['Fully remote', 'English', 'Database administration']",https://justjoin.it/job-offer/experis-manpower-group-senior-database-administrator-warszawa-admin
Senior Database Developer,Experis Manpower Group,2025-01-04,23 520 - 28 560 pln,"['Fully remote', 'SQL', 'English', 'Oracle']",https://justjoin.it/job-offer/experis-manpower-group-senior-database-developer-warszawa-data
AI Engineer,Experis Manpower Group,2025-01-04,30 240 - 36 960 pln,"['Fully remote', 'English', 'AI/ML', 'Python']",https://justjoin.it/job-offer/experis-manpower-group-ai-engineer-warszawa-ai
Senior Mainframe Administrator,Experis Manpower Group,2025-01-04,28 560 - 38 640 pln,"['Fully remote', 'Mainframe systems management', 'z/os']",https://justjoin.it/job-offer/experis-manpower-group-senior-mainframe-administrator-warszawa-admin
Senior Python Developer,Detable,2025-01-08,20 160 - 22 680 pln,"['Fully remote', 'Python', 'PostgreSQL', 'Linux']",https://justjoin.it/job-offer/detable-senior-python-developer-warszawa-python
Business and Systems Analyst,Experis Manpower Group,2025-01-04,16 800 - 30 240 pln,"['Fully remote', 'English', 'Business Analysis', 'Jira']",https://justjoin.it/job-offer/experis-manpower-group-business-and-systems-analyst-warszawa-analytics
KYC Specialist,Experis Manpower Group,2025-01-04,13 440 - 23 520 pln,"['Fully remote', 'KYC', 'AML']",https://justjoin.it/job-offer/experis-manpower-group-kyc-specialist-warszawa-other
Senior Big Data Engineer,Experis Manpower Group,2025-01-04,28 560 - 35 280 pln,"['Fully remote', 'English', 'Cloud Computing', 'Apache Hadoop']",https://justjoin.it/job-offer/experis-manpower-group-senior-big-data-engineer-warszawa-data
Senior UX/UI Designer,The Rectangles,2025-01-04,12 000 - 18 000 pln,"['Fully remote', 'Figma', 'UX/UI', 'Analytical Thinking']",https://justjoin.it/job-offer/the-rectangles-senior-ux-ui-designer-gdansk-ux
Senior AI Data Engineer,Experis Manpower Group,2025-01-04,33 600 - 38 640 pln,"['Fully remote', 'Data Engineering', 'English', 'Cloud']",https://justjoin.it/job-offer/experis-manpower-group-senior-ai-data-engineer-warszawa-data
Software Asset Management (SAM) Analyst,Jit Team,2025-01-04,15 200 - 22 470 pln,"['Excel', 'SQL', 'SharePoint']",https://justjoin.it/job-offer/jit-team-software-asset-management-sam-analyst-warszawa-analytics
Software Engineer - RoR,Cornerstone OnDemand,2025-01-04,8 000 - 13 000 pln,"['Fully remote', 'Ruby on Rails', 'MySQL', 'AWS']",https://justjoin.it/job-offer/cornerstone-ondemand-software-engineer---ror-krakow-ruby
Head of Cryptography Agility and Post Quantum Capabilities,Antal Sp. z o.o.,2025-01-04,25 000 - 35 000 pln,['Computer science'],https://justjoin.it/job-offer/antal-sp-z-o-o--head-of-cryptography-agility-and-post-quantum-capabilities-krakow-security
JavaScript Fullstack Developer,Experis Manpower Group,2025-01-04,25 200 - 33 600 pln,"['Fully remote', 'JavaScript']",https://justjoin.it/job-offer/experis-manpower-group-javascript-fullstack-developer-warszawa-javascript
AWS Cloud Engineer,Experis Manpower Group,2025-01-04,30 240 - 33 600 pln,"['Fully remote', 'English', 'AWS']",https://justjoin.it/job-offer/experis-manpower-group-aws-cloud-engineer-warszawa-devops
Fullstack Python Developer,Experis Manpower Group,2025-01-04,25 200 - 33 600 pln,"['Fully remote', 'Python']",https://justjoin.it/job-offer/experis-manpower-group-fullstack-python-developer-warszawa-python
Senior Embedded Engineer,Softgent,2025-01-04,16 000 - 25 000 pln,"['RTOS', 'C', 'I2C']",https://justjoin.it/job-offer/softgent-senior-embedded-engineer-gdansk-c
Remote DevOps Engineer,Ligo Headhunters,2025-01-08,25 000 - 35 000 pln,"['Linux (Debian)', 'Azure DevOps', 'Docker']",https://justjoin.it/job-offer/ligo-headhunters-remote-devops-engineer-krakow-devops-f4b61f62
Customer Technical Support,XtraMile,2025-01-04,5 000 - 9 000 pln,"['MsSQL', 'API', 'TypeScript']",https://justjoin.it/job-offer/xtramile-customer-technical-support-gdansk-support
C++ Developer,Experis Manpower Group,2025-01-04,16 800 - 19 320 pln,"['Fully remote', 'Linux', 'C++', 'Agile']",https://justjoin.it/job-offer/experis-manpower-group-c-developer-warszawa-c
Technical Leader for DC migration project,HAYS Poland,2025-01-04,31 000 - 36 000 pln,"['Middleware', 'Infrastructure', 'Data Center']",https://justjoin.it/job-offer/hays-poland-technical-leader-for-dc-migration-project-warszawa-data
Product Owner,Avenga,2025-01-04,25 000 - 28 000 pln,"['Product backlog', 'product owner']",https://justjoin.it/job-offer/avenga-product-owner-warszawa-pm-95cf04b9
Azure Cloud Engineer,Experis Manpower Group,2025-01-04,30 240 - 33 600 pln,"['Fully remote', 'English', 'Azure', 'Powershell']",https://justjoin.it/job-offer/experis-manpower-group-azure-cloud-engineer-warszawa-devops
Cloud Security Architect,Experis Manpower Group,2025-01-04,33 600 - 38 640 pln,"['Fully remote', 'English', 'Security', 'Cloud']",https://justjoin.it/job-offer/experis-manpower-group-cloud-security-architect-warszawa-architecture-b6f4d756
Digital Marketing Specialist,Team Connect,2025-01-08,8 400 - 13 440 pln,"['Fully remote', 'Push Notifications', 'CRM', 'AEP']",https://justjoin.it/job-offer/team-connect-digital-marketing-specialist-warszawa-other
DevOps Engineer,Ness Solution,2025-01-04,19 000 - 23 500 pln,"['CI/CD', 'Docker', 'Podman']",https://justjoin.it/job-offer/ness-solution-devops-engineer-warszawa-devops-bda28a90
Tester Manualny,PhotoAiD,2025-01-04,40 - 45 pln,"['Fully remote', 'Jira', 'Mobile App Testing', 'Web Application Testing']",https://justjoin.it/job-offer/photoaid-tester-manualny-warszawa-testing
Junior DevOps Engineer,Match-Trade Technologies,2025-01-08,8 000 - 10 000 pln,"['AWS', 'Git', 'Elasticsearch']",https://justjoin.it/job-offer/match-trade-technologies-junior-devops-engineer-warszawa-devops-53335ec2
Senior DevOps Engineer,Match-Trade Technologies,2025-01-04,15 000 - 25 000 pln,"['Fully remote', 'Linux', 'AWS', 'Elasticsearch']",https://justjoin.it/job-offer/match-trade-technologies-senior-devops-engineer-warszawa-devops
Manual Tester,SCALO,2025-01-04,18 480 - 20 158 pln,"['Fully remote', 'WCAG', 'Adobe CC', 'NVDA']",https://justjoin.it/job-offer/scalo-manual-tester-katowice-testing
Senior ESG Data Engineer,Experis Manpower Group,2025-01-04,30 240 - 35 280 pln,"['Fully remote', 'ESG', 'Data Engineering', 'English']",https://justjoin.it/job-offer/experis-manpower-group-senior-esg-data-engineer-warszawa-data
Senior Vue.js Frontend Developer,DevsData LLC,2025-01-08,17 063 - 21 328 pln,"['Fully remote', 'RESTful API', 'CSS', 'Vue.js']",https://justjoin.it/job-offer/devsdata-llc-senior-vue-js-frontend-developer-warszawa-javascript
Data Scientist,QED.ai,2025-01-04,16 000 - 26 000 pln,"['Machine Learning', 'Python', 'Big Data']",https://justjoin.it/job-offer/qed-ai-data-scientist-warszawa-ai
Software Engineer,QED.ai,2025-01-04,15 000 - 26 000 pln,"['Software Development', 'Software Architecture', 'React']",https://justjoin.it/job-offer/qed-ai-software-engineer-warszawa-python
AI Practice Principal,Netguru,2025-01-04,17 300 - 28 900 pln,"['Fully remote', 'AI', 'AI/ML']",https://justjoin.it/job-offer/netguru-ai-practice-principal-warszawa-ai
Site Reliability Engineer (SRE),QED.ai,2025-01-04,19 000 - 28 000 pln,"['IaC', 'English', 'Linux']",https://justjoin.it/job-offer/qed-ai-site-reliability-engineer-sre--warszawa-devops
Manual Tester/QA,SCALO,2024-12-25,16 800 - 18 480 pln,"['Fully remote', 'MS Excel', 'Microsoft SQL', 'TestLink']",https://justjoin.it/job-offer/scalo-manual-tester-qa-lodz-testing
Principal Software Architect,HTD,2025-01-04,26 000 - 30 000 pln,"['Fully remote', 'SQL', '.Net', 'Git']",https://justjoin.it/job-offer/htd-principal-software-architect-lodz-net
Backend Developer,Schibsted Tech Polska,2025-01-08,17 000 - 25 000 pln,"['Kotlin', 'Java']",https://justjoin.it/job-offer/schibsted-tech-polska-backend-developer-krakow-java
Mid or Senior React Native Developer,HTD,2025-01-04,11 000 - 26 400 pln,"['Fully remote', 'JavaScript', 'React Native', 'React']",https://justjoin.it/job-offer/htd-mid-or-senior-react-native-developer-lodz-javascript
Mid or Senior Frontend Developer,HTD,2025-01-04,11 000 - 26 400 pln,"['Fully remote', 'JavaScript', 'React']",https://justjoin.it/job-offer/htd-mid-or-senior-frontend-developer-lodz-javascript
Mid or Senior .NET Developer,HTD,2025-01-04,11 000 - 26 400 pln,"['Fully remote', '.Net', 'SQL', 'AWS']",https://justjoin.it/job-offer/htd-mid-or-senior-net-developer-lodz-net
"DevOps Engineer (k8s, Ansible, Linux)",7N,2025-01-04,23 520 - 28 560 pln,"['Linux', 'Kubernetes', 'PostgreSQL']",https://justjoin.it/job-offer/7n-devops-engineer-k8s-ansible-linux--warszawa-devops
"Fullstack Developer (Python, React, Django)",7N,2025-01-04,23 520 - 28 560 pln,"['Python', 'Django', 'React']",https://justjoin.it/job-offer/7n-fullstack-developer-python-react-django--warszawa-python
Fullstack Developer,MindPal,2025-01-08,8 000 - 12 000 pln,"['Fully remote', 'English', 'HTML5 / CSS3', 'JavaScript']",https://justjoin.it/job-offer/mindpal-fullstack-developer-gliwice-ai
Delphi Developer,SCALO,2024-12-25,20 160 - 25 200 pln,"['Fully remote', 'SQL Server', 'Agile', 'Delphi']",https://justjoin.it/job-offer/scalo-delphi-developer-katowice-other
Full-Stack Developer (PHP + React),adsfox,2025-01-04,10 000 - 15 000 pln,"['PHP', 'JavaScript', 'SQL']",https://justjoin.it/job-offer/adsfox-full-stack-developer-php-react--krakow-php
BI Data Engineer,Tylko,2025-01-04,26 000 - 30 000 pln,"['SQL', 'Python', 'Big Data']",https://justjoin.it/job-offer/tylko-bi-data-engineer-warszawa-data
Front-end Developer,Tylko,2025-01-04,15 000 - 20 000 pln,"['JavaScript', 'Nuxt', 'Vue']",https://justjoin.it/job-offer/tylko-front-end-developer-warszawa-javascript
Back-end Developer (Python/Django),Tylko,2025-01-04,15 000 - 20 000 pln,"['Python', 'Django', 'REST API']",https://justjoin.it/job-offer/tylko-back-end-developer-python-django--warszawa-python
Junior QA Specialist (web),Tylko,2025-01-04,8 000 - 12 000 pln,"['Testing Tools', 'Manual Testing']",https://justjoin.it/job-offer/tylko-junior-qa-specialist-web--warszawa-testing
Senior Data Engineer (DataBricks + SQL + Python),SCALO,2024-12-25,20 160 - 25 200 pln,"['MS SQL', 'Databricks', 'Python']",https://justjoin.it/job-offer/scalo-senior-data-engineer-databricks-sql-python--wroclaw-data-5f96349b
Senior Data Engineer (Azure),SCALO,2024-12-25,20 160 - 25 200 pln,"['Azure Data Factory', 'MS SQL', 'SQL']",https://justjoin.it/job-offer/scalo-senior-data-engineer-azure--wroclaw-data-0f07579e
Technical IT Project Manager,N-iX,2025-01-04,16 490 - 19 788 pln,"['Fully remote', 'SDLC', 'Microsoft 365', 'Project Management']",https://justjoin.it/job-offer/n-ix-technical-it-project-manager-krakow-pm
Fullstack Developer,SCALO,2024-12-25,20 160 - 23 520 pln,"['Fully remote', 'JavaScript', 'Java', 'GCP']",https://justjoin.it/job-offer/scalo-fullstack-developer-katowice-java-45bed5a4
Senior Fullstack Developer (Laravel & Angular),DevsData LLC,2025-01-04,22 674 - 27 621 pln,"['Fully remote', 'Laravel', 'Angular']",https://justjoin.it/job-offer/devsdata-llc-senior-fullstack-developer-laravel-angular--warsaw-php
Chief Operating Officer,Rimedo sp. z o.o.,2024-12-25,15 000 - 20 000 pln,"['Project Management', 'Communication', 'Leadership']",https://justjoin.it/job-offer/rimedo-sp-z-o-o--chief-operating-officer-poznan-other
Lead DevOps Engineer,j-labs,2025-01-08,30 240 - 36 960 pln,"['Airflow', 'GCP', 'Terraform']",https://justjoin.it/job-offer/j-labs-lead-devops-engineer-niepolomice-devops
Senior Backend Developer,Jutro Medical,2025-01-08,16 500 - 25 000 pln,"['TypeScript', 'Node.js', 'PostgreSQL']",https://justjoin.it/job-offer/jutro-medical-senior-backend-developer-warszawa-javascript-e88f4249
.Net Developer,SCALO,2025-01-08,25 000 - 28 560 pln,"['Fully remote', '.NET C#', 'PostgreSQL', 'C#']",https://justjoin.it/job-offer/scalo--net-developer-wroclaw-net
Automation Tester/QA (JAVA),SCALO,2025-01-08,18 480 - 23 520 pln,"['Fully remote', 'SQL', 'SoapUI', 'Postman']",https://justjoin.it/job-offer/scalo-automation-tester-qa-java--katowice-testing-56771e25
Senior Vue.js Frontend Developer,DevsData LLC,2025-01-08,17 063 - 21 328 pln,"['Fully remote', 'RESTful API', 'CSS', 'Vue.js']",https://justjoin.it/job-offer/devsdata-llc-senior-vue-js-frontend-developer-warszawa-javascript
Data Scientist,QED.ai,2025-01-04,16 000 - 26 000 pln,"['Machine Learning', 'Python', 'Big Data']",https://justjoin.it/job-offer/qed-ai-data-scientist-warszawa-ai
Software Engineer,QED.ai,2025-01-04,15 000 - 26 000 pln,"['Software Development', 'Software Architecture', 'React']",https://justjoin.it/job-offer/qed-ai-software-engineer-warszawa-python
AI Practice Principal,Netguru,2025-01-04,17 300 - 28 900 pln,"['Fully remote', 'AI', 'AI/ML']",https://justjoin.it/job-offer/netguru-ai-practice-principal-warszawa-ai
Site Reliability Engineer (SRE),QED.ai,2025-01-04,19 000 - 28 000 pln,"['IaC', 'English', 'Linux']",https://justjoin.it/job-offer/qed-ai-site-reliability-engineer-sre--warszawa-devops
Manual Tester/QA,SCALO,2024-12-25,16 800 - 18 480 pln,"['Fully remote', 'MS Excel', 'Microsoft SQL', 'TestLink']",https://justjoin.it/job-offer/scalo-manual-tester-qa-lodz-testing
Principal Software Architect,HTD,2025-01-04,26 000 - 30 000 pln,"['Fully remote', 'SQL', '.Net', 'Git']",https://justjoin.it/job-offer/htd-principal-software-architect-lodz-net
Backend Developer,Schibsted Tech Polska,2025-01-08,17 000 - 25 000 pln,"['Kotlin', 'Java']",https://justjoin.it/job-offer/schibsted-tech-polska-backend-developer-krakow-java
Mid or Senior React Native Developer,HTD,2025-01-04,11 000 - 26 400 pln,"['Fully remote', 'JavaScript', 'React Native', 'React']",https://justjoin.it/job-offer/htd-mid-or-senior-react-native-developer-lodz-javascript
Mid or Senior Frontend Developer,HTD,2025-01-04,11 000 - 26 400 pln,"['Fully remote', 'JavaScript', 'React']",https://justjoin.it/job-offer/htd-mid-or-senior-frontend-developer-lodz-javascript
Mid or Senior .NET Developer,HTD,2025-01-04,11 000 - 26 400 pln,"['Fully remote', '.Net', 'SQL', 'AWS']",https://justjoin.it/job-offer/htd-mid-or-senior-net-developer-lodz-net
"DevOps Engineer (k8s, Ansible, Linux)",7N,2025-01-04,23 520 - 28 560 pln,"['Linux', 'Kubernetes', 'PostgreSQL']",https://justjoin.it/job-offer/7n-devops-engineer-k8s-ansible-linux--warszawa-devops
"Fullstack Developer (Python, React, Django)",7N,2025-01-04,23 520 - 28 560 pln,"['Python', 'Django', 'React']",https://justjoin.it/job-offer/7n-fullstack-developer-python-react-django--warszawa-python
Fullstack Developer,MindPal,2025-01-08,8 000 - 12 000 pln,"['Fully remote', 'English', 'HTML5 / CSS3', 'JavaScript']",https://justjoin.it/job-offer/mindpal-fullstack-developer-gliwice-ai
Delphi Developer,SCALO,2024-12-25,20 160 - 25 200 pln,"['Fully remote', 'SQL Server', 'Agile', 'Delphi']",https://justjoin.it/job-offer/scalo-delphi-developer-katowice-other
Full-Stack Developer (PHP + React),adsfox,2025-01-04,10 000 - 15 000 pln,"['PHP', 'JavaScript', 'SQL']",https://justjoin.it/job-offer/adsfox-full-stack-developer-php-react--krakow-php
BI Data Engineer,Tylko,2025-01-04,26 000 - 30 000 pln,"['SQL', 'Python', 'Big Data']",https://justjoin.it/job-offer/tylko-bi-data-engineer-warszawa-data
Front-end Developer,Tylko,2025-01-04,15 000 - 20 000 pln,"['JavaScript', 'Nuxt', 'Vue']",https://justjoin.it/job-offer/tylko-front-end-developer-warszawa-javascript
Back-end Developer (Python/Django),Tylko,2025-01-04,15 000 - 20 000 pln,"['Python', 'Django', 'REST API']",https://justjoin.it/job-offer/tylko-back-end-developer-python-django--warszawa-python
Junior QA Specialist (web),Tylko,2025-01-04,8 000 - 12 000 pln,"['Testing Tools', 'Manual Testing']",https://justjoin.it/job-offer/tylko-junior-qa-specialist-web--warszawa-testing
Senior Data Engineer (DataBricks + SQL + Python),SCALO,2024-12-25,20 160 - 25 200 pln,"['MS SQL', 'Databricks', 'Python']",https://justjoin.it/job-offer/scalo-senior-data-engineer-databricks-sql-python--wroclaw-data-5f96349b
Senior Data Engineer (Azure),SCALO,2024-12-25,20 160 - 25 200 pln,"['Azure Data Factory', 'MS SQL', 'SQL']",https://justjoin.it/job-offer/scalo-senior-data-engineer-azure--wroclaw-data-0f07579e
Technical IT Project Manager,N-iX,2025-01-04,16 490 - 19 788 pln,"['Fully remote', 'SDLC', 'Microsoft 365', 'Project Management']",https://justjoin.it/job-offer/n-ix-technical-it-project-manager-krakow-pm
Fullstack Developer,SCALO,2024-12-25,20 160 - 23 520 pln,"['Fully remote', 'JavaScript', 'Java', 'GCP']",https://justjoin.it/job-offer/scalo-fullstack-developer-katowice-java-45bed5a4
Senior Fullstack Developer (Laravel & Angular),DevsData LLC,2025-01-04,22 674 - 27 621 pln,"['Fully remote', 'Laravel', 'Angular']",https://justjoin.it/job-offer/devsdata-llc-senior-fullstack-developer-laravel-angular--warsaw-php
Chief Operating Officer,Rimedo sp. z o.o.,2024-12-25,15 000 - 20 000 pln,"['Project Management', 'Communication', 'Leadership']",https://justjoin.it/job-offer/rimedo-sp-z-o-o--chief-operating-officer-poznan-other
Lead DevOps Engineer,j-labs,2025-01-08,30 240 - 36 960 pln,"['Airflow', 'GCP', 'Terraform']",https://justjoin.it/job-offer/j-labs-lead-devops-engineer-niepolomice-devops
Web Scraping Engineer,REPS & Company Inc.,2025-01-08,20 612 - 41 225 pln,"['Fully remote', 'Selenium', 'Playwright', 'React']",https://justjoin.it/job-offer/reps-company-inc--web-scraping-engineer-san-diego-python
Senior Backend Developer,Jutro Medical,2025-01-08,16 500 - 25 000 pln,"['TypeScript', 'Node.js', 'PostgreSQL']",https://justjoin.it/job-offer/jutro-medical-senior-backend-developer-warszawa-javascript-e88f4249
.Net Developer,SCALO,2025-01-08,25 000 - 28 560 pln,"['Fully remote', '.NET C#', 'PostgreSQL', 'C#']",https://justjoin.it/job-offer/scalo--net-developer-wroclaw-net
Automation Tester/QA (JAVA),SCALO,2025-01-08,18 480 - 23 520 pln,"['Fully remote', 'SQL', 'SoapUI', 'Postman']",https://justjoin.it/job-offer/scalo-automation-tester-qa-java--katowice-testing-56771e25
Product Control Analyst,Experis Manpower Group,2025-01-08,14 400 - 27 200 pln,"['Fully remote', 'Analytical Tools', 'control processes']",https://justjoin.it/job-offer/experis-manpower-group-product-control-analyst-warszawa-analytics
Senior Java Developer,Directio,2025-01-04,23 500 - 27 500 pln,"['Fully remote', 'Java', 'Backend', 'Automated Testing']",https://justjoin.it/job-offer/directio-java-developer-warszawa-java
Data Architect,Experis Manpower Group,2025-01-08,30 240 - 40 320 pln,"['Fully remote', 'SQL', 'NoSQL', 'Tableau']",https://justjoin.it/job-offer/experis-manpower-group-data-architect-lodz-data
Senior Engineer (C with Java),Macrix Polska,2025-01-08,16 500 - 27 000 pln,"['C', 'Java', 'Python']",https://justjoin.it/job-offer/macrix-polska-senior-engineer-c-with-python--poznan-c
Senior Azure Data Engineer,Experis Manpower Group,2025-01-08,28 560 - 33 600 pln,"['Fully remote', 'Python', 'Azure Data Lake', 'Azure Data Factory']",https://justjoin.it/job-offer/experis-manpower-group-senior-azure-data-engineer-lodz-data
Fullstack Developer (Java + JS),SCALO,2025-01-08,20 160 - 23 520 pln,"['Fully remote', 'PostgreSQL', 'Apache Kafka', 'Spring Boot']",https://justjoin.it/job-offer/scalo-fullstack-developer-java-js--katowice-javascript
Fullstack Developer (Java + JS),SCALO,2025-01-08,20 160 - 23 520 pln,"['Fully remote', 'Apache Kafka', 'Spring Boot', 'Java']",https://justjoin.it/job-offer/scalo-fullstack-developer-java-js--katowice-java-3b14129f
Senior Data Scientist,Experis Manpower Group,2025-01-08,26 880 - 30 240 pln,"['Fully remote', 'Spark', 'R language', 'SQL']",https://justjoin.it/job-offer/experis-manpower-group-senior-data-scientist-lodz-data
MS Dynamics Senior Data Analyst,Experis Manpower Group,2025-01-08,23 520 - 30 240 pln,"['Fully remote', 'Power BI', 'MS Dynamics', 'SQL']",https://justjoin.it/job-offer/experis-manpower-group-ms-dynamics-senior-data-analyst-lodz-data
Senior Power BI Data Engineer,Experis Manpower Group,2025-01-08,26 880 - 30 240 pln,"['Fully remote', 'SQL', 'Power BI', 'ETL']",https://justjoin.it/job-offer/experis-manpower-group-senior-power-bi-data-engineer-lodz-data
Azure DataBricks Engineer,CRODU,2025-01-08,23 520 - 31 920 pln,"['Fully remote', 'Azure', 'Databricks', 'SQL']",https://justjoin.it/job-offer/crodu-azure-databricks-engineer-krakow-data-3c28e8e8
.NET Developer,Operator Systems,2025-01-08,10 000 - 20 000 pln,"['Fully remote', '.Net', 'C#', 'SQL Server Reporting Services']",https://justjoin.it/job-offer/operator-systems--net-developer-krakow-net
Senior Node.js / DevOps Engineer,Code and Pepper,2025-01-08,22 000 - 28 000 pln,"['Fully remote', 'Node.js', 'TypeScript', 'JavaScript']",https://justjoin.it/job-offer/code-and-pepper-senior-node-js-devops-engineer-szczecin-javascript
Senior Android Developer,Code and Pepper,2025-01-08,24 000 - 28 000 pln,"['Fully remote', 'Kotlin', 'Java', 'UX']",https://justjoin.it/job-offer/code-and-pepper-senior-android-developer-olsztyn-mobile
Senior React Native Developer,Callstack,2025-01-08,21 000 - 33 000 pln,"['Fully remote', 'React.JS', 'JavaScript', 'React Native']",https://justjoin.it/job-offer/callstack-senior-react-native-developer-wroclaw-javascript-b2c1bb2c
Senior Data Analyst,Kryptonim,2025-01-08,17 000 - 20 000 pln,"['Data analysis', 'SQL', 'Databases']",https://justjoin.it/job-offer/kryptonim-senior-data-analyst-warszawa-pm
Fullstack (PHP/Angular) Developer,Collegium Da Vinci,2025-01-03,10 000 - 15 000 pln,"['JavaScript', 'PHP', 'Symfony']",https://justjoin.it/job-offer/collegium-da-vinci-fullstack-php-angular-developer-poznan-php
Application Security Analyst,ER Group,2025-01-08,16 490 - 20 612 pln,"['IT Security', 'Security']",https://justjoin.it/job-offer/er-group-application-security-analyst-walencja-security
WebMethods Developer,ER Group,2025-01-08,16 000 - 18 000 pln,"['Fully remote', 'MySQL', 'ESB', 'webMethods']",https://justjoin.it/job-offer/er-group-webmethods-developer-warszawa-other-4c51e027
Solution Architect,ER Group,2025-01-08,30 919 - 34 217 pln,"['Fully remote', 'Architecture', 'Software Architecture', 'CMS']",https://justjoin.it/job-offer/er-group-solution-architect-warszawa-architecture
MLOps Engineer,Holisticon Insight,2025-01-08,20 160 - 26 544 pln,"['Fully remote', 'English', 'Python', 'MLflow']",https://justjoin.it/job-offer/holisticon-insight-mlops-engineer-wroclaw-devops
Mid FullStack Developer (Java + Angular),ITDS,2025-01-08,18 900 - 22 680 pln,"['Hibernate', 'Java', 'Spring']",https://justjoin.it/job-offer/itds-mid-fullstack-developer-java-angular--warszawa-java
Senior Java Software Engineer,Dynatrace,2025-01-08,16 000 - 22 000 pln,"['Java', 'Gradle', 'Python']",https://justjoin.it/job-offer/dynatrace-senior-java-software-engineer-gdansk-java
iOS Team Leader,Grupa Blix,2025-01-08,20 000 - 25 000 pln,"['Fully remote', 'Polish', 'iOS', 'Swift']",https://justjoin.it/job-offer/grupa-blix-ios-team-leader-poznan-mobile
Senior Angular Developer,Code and Pepper,2025-01-08,22 000 - 28 000 pln,"['Fully remote', 'Scrum', 'Angular', 'TypeScript']",https://justjoin.it/job-offer/code-and-pepper-senior-angular-developer-warszawa-javascript
Python Developer with DevOps Approach,Straal,2025-01-08,14 000 - 20 000 pln,"['Fully remote', 'Python', 'Git', 'PostgreSQL']",https://justjoin.it/job-offer/straal-python-developer-with-devops-approach-warszawa-python
Cloud Operation Engineer,LetzCode,2025-01-08,34 000 - 36 000 pln,"['Fully remote', 'Troubleshooting', 'Communication', 'IT Support']",https://justjoin.it/job-offer/letzcode-cloud-operation-engineer-luxembourg-devops
DevOps Engineer,Daftcode,2025-01-08,20 000 - 27 000 pln,"['Monitoring Tools', 'Public Clouds', 'CI/CD']",https://justjoin.it/job-offer/daftcode-devops-engineer-warszawa-devops
QA Automation Lead Engineer (Fintech project),Syberry,2025-01-08,20 000 - 30 000 pln,"['Fully remote', 'JavaScript', 'e2e testing', 'Playwright']",https://justjoin.it/job-offer/syberry-qa-automation-lead-engineer-fintech-project--krakow-testing
Senior DevOps Engineer,Syberry,2025-01-08,25 000 - 40 000 pln,"['Fully remote', 'English', 'Amazon AWS', 'Software Development']",https://justjoin.it/job-offer/syberry-senior-devops-engineer-warszawa-devops
"Software Engineer II, Backend (Comms Platform)",Affirm,2025-01-08,21 000 - 29 333 pln,"['Fully remote', 'Python', 'AWS', 'Kotlin']",https://justjoin.it/job-offer/affirm-software-engineer-ii-backend-comms-platform--warszawa-python
Product Control Analyst,Experis Manpower Group,2025-01-08,14 400 - 27 200 pln,"['Fully remote', 'Analytical Tools', 'control processes']",https://justjoin.it/job-offer/experis-manpower-group-product-control-analyst-warszawa-analytics
Senior Java Developer,Directio,2025-01-04,23 500 - 27 500 pln,"['Fully remote', 'Java', 'Backend', 'Automated Testing']",https://justjoin.it/job-offer/directio-java-developer-warszawa-java
Data Architect,Experis Manpower Group,2025-01-08,30 240 - 40 320 pln,"['Fully remote', 'SQL', 'NoSQL', 'Tableau']",https://justjoin.it/job-offer/experis-manpower-group-data-architect-lodz-data
Senior Engineer (C with Java),Macrix Polska,2025-01-08,16 500 - 27 000 pln,"['C', 'Java', 'Python']",https://justjoin.it/job-offer/macrix-polska-senior-engineer-c-with-python--poznan-c
Senior Azure Data Engineer,Experis Manpower Group,2025-01-08,28 560 - 33 600 pln,"['Fully remote', 'Python', 'Azure Data Lake', 'Azure Data Factory']",https://justjoin.it/job-offer/experis-manpower-group-senior-azure-data-engineer-lodz-data
Fullstack Developer (Java + JS),SCALO,2025-01-08,20 160 - 23 520 pln,"['Fully remote', 'PostgreSQL', 'Apache Kafka', 'Spring Boot']",https://justjoin.it/job-offer/scalo-fullstack-developer-java-js--katowice-javascript
Fullstack Developer (Java + JS),SCALO,2025-01-08,20 160 - 23 520 pln,"['Fully remote', 'Apache Kafka', 'Spring Boot', 'Java']",https://justjoin.it/job-offer/scalo-fullstack-developer-java-js--katowice-java-3b14129f
Senior Data Scientist,Experis Manpower Group,2025-01-08,26 880 - 30 240 pln,"['Fully remote', 'Spark', 'R language', 'SQL']",https://justjoin.it/job-offer/experis-manpower-group-senior-data-scientist-lodz-data
MS Dynamics Senior Data Analyst,Experis Manpower Group,2025-01-08,23 520 - 30 240 pln,"['Fully remote', 'Power BI', 'MS Dynamics', 'SQL']",https://justjoin.it/job-offer/experis-manpower-group-ms-dynamics-senior-data-analyst-lodz-data
Senior Power BI Data Engineer,Experis Manpower Group,2025-01-08,26 880 - 30 240 pln,"['Fully remote', 'SQL', 'Power BI', 'ETL']",https://justjoin.it/job-offer/experis-manpower-group-senior-power-bi-data-engineer-lodz-data
Azure DataBricks Engineer,CRODU,2025-01-08,23 520 - 31 920 pln,"['Fully remote', 'Azure', 'Databricks', 'SQL']",https://justjoin.it/job-offer/crodu-azure-databricks-engineer-krakow-data-3c28e8e8
.NET Developer,Operator Systems,2025-01-08,10 000 - 20 000 pln,"['Fully remote', '.Net', 'C#', 'SQL Server Reporting Services']",https://justjoin.it/job-offer/operator-systems--net-developer-krakow-net
Senior Node.js / DevOps Engineer,Code and Pepper,2025-01-08,22 000 - 28 000 pln,"['Fully remote', 'Node.js', 'TypeScript', 'JavaScript']",https://justjoin.it/job-offer/code-and-pepper-senior-node-js-devops-engineer-szczecin-javascript
Senior Android Developer,Code and Pepper,2025-01-08,24 000 - 28 000 pln,"['Fully remote', 'Kotlin', 'Java', 'UX']",https://justjoin.it/job-offer/code-and-pepper-senior-android-developer-olsztyn-mobile
Senior React Native Developer,Callstack,2025-01-08,21 000 - 33 000 pln,"['Fully remote', 'React.JS', 'JavaScript', 'React Native']",https://justjoin.it/job-offer/callstack-senior-react-native-developer-wroclaw-javascript-b2c1bb2c
Senior Data Analyst,Kryptonim,2025-01-08,17 000 - 20 000 pln,"['Data analysis', 'SQL', 'Databases']",https://justjoin.it/job-offer/kryptonim-senior-data-analyst-warszawa-pm
Fullstack (PHP/Angular) Developer,Collegium Da Vinci,2025-01-03,10 000 - 15 000 pln,"['JavaScript', 'PHP', 'Symfony']",https://justjoin.it/job-offer/collegium-da-vinci-fullstack-php-angular-developer-poznan-php
Application Security Analyst,ER Group,2025-01-08,16 490 - 20 612 pln,"['IT Security', 'Security']",https://justjoin.it/job-offer/er-group-application-security-analyst-walencja-security
WebMethods Developer,ER Group,2025-01-08,16 000 - 18 000 pln,"['Fully remote', 'MySQL', 'ESB', 'webMethods']",https://justjoin.it/job-offer/er-group-webmethods-developer-warszawa-other-4c51e027
Solution Architect,ER Group,2025-01-08,30 919 - 34 217 pln,"['Fully remote', 'Architecture', 'Software Architecture', 'CMS']",https://justjoin.it/job-offer/er-group-solution-architect-warszawa-architecture
MLOps Engineer,Holisticon Insight,2025-01-08,20 160 - 26 544 pln,"['Fully remote', 'English', 'Python', 'MLflow']",https://justjoin.it/job-offer/holisticon-insight-mlops-engineer-wroclaw-devops
Mid FullStack Developer (Java + Angular),ITDS,2025-01-08,18 900 - 22 680 pln,"['Hibernate', 'Java', 'Spring']",https://justjoin.it/job-offer/itds-mid-fullstack-developer-java-angular--warszawa-java
Senior Java Software Engineer,Dynatrace,2025-01-08,16 000 - 22 000 pln,"['Java', 'Gradle', 'Python']",https://justjoin.it/job-offer/dynatrace-senior-java-software-engineer-gdansk-java
iOS Team Leader,Grupa Blix,2025-01-08,20 000 - 25 000 pln,"['Fully remote', 'Polish', 'iOS', 'Swift']",https://justjoin.it/job-offer/grupa-blix-ios-team-leader-poznan-mobile
Senior Angular Developer,Code and Pepper,2025-01-08,22 000 - 28 000 pln,"['Fully remote', 'Scrum', 'Angular', 'TypeScript']",https://justjoin.it/job-offer/code-and-pepper-senior-angular-developer-warszawa-javascript
Python Developer with DevOps Approach,Straal,2025-01-08,14 000 - 20 000 pln,"['Fully remote', 'Python', 'Git', 'PostgreSQL']",https://justjoin.it/job-offer/straal-python-developer-with-devops-approach-warszawa-python
Cloud Operation Engineer,LetzCode,2025-01-08,34 000 - 36 000 pln,"['Fully remote', 'Troubleshooting', 'Communication', 'IT Support']",https://justjoin.it/job-offer/letzcode-cloud-operation-engineer-luxembourg-devops
DevOps Engineer,Daftcode,2025-01-08,20 000 - 27 000 pln,"['Monitoring Tools', 'Public Clouds', 'CI/CD']",https://justjoin.it/job-offer/daftcode-devops-engineer-warszawa-devops
QA Automation Lead Engineer (Fintech project),Syberry,2025-01-08,20 000 - 30 000 pln,"['Fully remote', 'JavaScript', 'e2e testing', 'Playwright']",https://justjoin.it/job-offer/syberry-qa-automation-lead-engineer-fintech-project--krakow-testing
Senior DevOps Engineer,Syberry,2025-01-08,25 000 - 40 000 pln,"['Fully remote', 'English', 'Amazon AWS', 'Software Development']",https://justjoin.it/job-offer/syberry-senior-devops-engineer-warszawa-devops
"Software Engineer II, Backend (Comms Platform)",Affirm,2025-01-08,21 000 - 29 333 pln,"['Fully remote', 'Python', 'AWS', 'Kotlin']",https://justjoin.it/job-offer/affirm-software-engineer-ii-backend-comms-platform--warszawa-python
Senior Frontend Developer (Vue.js),7N,2025-01-08,25 200 - 28 560 pln,"['Fully remote', 'Vue.js', 'TypeScript', 'JavaScript']",https://justjoin.it/job-offer/7n-senior-frontend-developer-vue-js--warszawa-javascript-0230be0e
Backend Web Developer,ITTM,2025-01-08,13 000 - 16 000 pln,"['Fully remote', 'Kubernetes', 'NoSQL', 'MongoDB']",https://justjoin.it/job-offer/ittm-backend-web-developer-krakow-javascript
Delphi Developer,Marcel S.A.,2025-01-08,18 000 - 25 200 pln,"['Fully remote', 'REST API', 'Delphi']",https://justjoin.it/job-offer/marcel-s-a--delphi-developer-zielonka-other
SAFe Scrum Master,Jit Team,2025-01-08,16 000 - 20 000 pln,"['English', 'Jira', 'Confluence']",https://justjoin.it/job-offer/jit-team-safe-scrum-master-gdynia-other
Fullstack React & Node Developer,Codepole,2025-01-08,20 000 - 30 000 pln,"['Fully remote', 'PostgreSQL', 'TypeScript', 'Node.js']",https://justjoin.it/job-offer/codepole-fullstack-react-node-developer-warszawa-javascript
Product Manager – Location / Price Integrity,Tesco Technology,2025-01-08,19 000 - 26 000 pln,"['Product Management', 'People Management', 'Agile']",https://justjoin.it/job-offer/tesco-technology-product-manager---location-price-integrity-krakow-pm
Senior PHP Engineer (Core team),Nord Security,2025-01-08,17 100 - 32 900 pln,"['Fully remote', 'MySQL', 'Symfony', 'Redis']",https://justjoin.it/job-offer/nord-security-senior-php-engineer-core-team--warszawa-php
Middle UI/UX Designer,Palapa Technologies,2025-01-08,8 000 - 15 000 pln,"['Fully remote', 'UX', 'Figma', 'UX/UI']",https://justjoin.it/job-offer/palapa-technologies-middle-ui-ux-designer-warszawa-ux
DevOps Engineer (Datadog),Connectis,2025-01-08,23 000 - 26 000 pln,"['Fully remote', 'ArgoCD', 'Datadog', 'Kubernetes']",https://justjoin.it/job-offer/connectis-devops-engineer-datadog--warszawa-devops
Snowflake Developer,ITDS,2025-01-10,24 000 - 30 000 pln,"['Python', 'SQL', 'Snowflake']",https://justjoin.it/job-offer/itds-snowflake-developer-warszawa-gdansk-lodz-data
Middle Full-Stack Developer with .Net & ReactJS,Itera,2025-01-10,17 054 - 22 170 pln,"['.Net', 'React', 'ASP.NET']",https://justjoin.it/job-offer/itera-middle-full-stack-developer-with-net-reactjs-krakow-net
"IT Project Manager (Cybersecurity, Banking)",ITDS,2025-01-10,15 000 - 18 000 pln,"['banking', 'IT Security', 'Jira']",https://justjoin.it/job-offer/itds-it-project-manager-cybersecurity-banking--warszawa-pm
DevOps Engineer (Azure Cloud),ITDS,2025-01-10,14 000 - 20 000 pln,"['Docker', 'Terraform', 'Kibana']",https://justjoin.it/job-offer/itds-devops-engineer-azure-cloud--warszawa-devops
PL/SQL Developer,Connectis,2025-01-10,20 000 - 23 500 pln,"['PL/SQL', 'SQL', 'Oracle']",https://justjoin.it/job-offer/connectis-pl-sql-developer-warszawa-data-02063707
.NET Developer,ITDS,2025-01-10,18 000 - 21 000 pln,"['MS SQL', 'REST', 'Microservices']",https://justjoin.it/job-offer/itds--net-developer-warszawa-net-48847cf7
Java Developer (Kafka+Spark),ITDS,2025-01-10,18 000 - 22 000 pln,"['Oracle', 'Java', 'Kafka']",https://justjoin.it/job-offer/itds-java-developer-kafka-spark--warszawa-java
Dynamics 365 Business Analyst,ITDS,2025-01-10,20 000 - 25 000 pln,"['dynamics365', 'Microsoft ALM']",https://justjoin.it/job-offer/itds-dynamics-365-business-analyst-krakow-analytics
Oracle Fusion Cloud - Senior Consultant,1dea,2025-01-10,20 000 - 22 600 pln,"['Fully remote', 'Oracle Fusion Cloud']",https://justjoin.it/job-offer/1dea-oracle-fusion-cloud---senior-consultant-warszawa-pm
Python Developer ( with JS),1dea,2025-01-10,19 000 - 23 500 pln,"['Fully remote', 'Python', 'JavaScript']",https://justjoin.it/job-offer/1dea-python-developer-with-js--warszawa-python
SAP PM Consultant,1dea,2025-01-10,25 000 - 33 600 pln,"['Fully remote', 'SAP PM']",https://justjoin.it/job-offer/1dea-sap-pm-consultant-warszawa-other
.Net Developer,1dea,2025-01-10,18 400 - 25 000 pln,"['SQL', '.Net', 'Kubernetes']",https://justjoin.it/job-offer/1dea--net-developer-gdansk-net
Rust Developer,NATEK,2025-01-10,24 000 - 28 800 pln,"['Fully remote', 'Rust', 'C++']",https://justjoin.it/job-offer/natek-rust-developer-warszawa-other
IT Analyst,Jit Team,2025-01-10,9 500 - 16 800 pln,"['Problem Solving', 'Analytics', 'Business Analysis']",https://justjoin.it/job-offer/jit-team-it-analyst-warszawa-analytics-d487de09
Typescript Developer (Node.js),CrustLab,2025-01-10,21 000 - 25 200 pln,"['Fully remote', 'PostgreSQL', 'Node.js', 'TypeScript']",https://justjoin.it/job-offer/crustlab-typescript-developer-node-js--krakow-javascript
Senior Typescript Developer (Node.js),CrustLab,2025-01-10,21 000 - 25 200 pln,"['Fully remote', 'TypeScript', 'Node.js', 'Express.js']",https://justjoin.it/job-offer/crustlab-senior-typescript-developer-node-js--krakow-javascript
Hardware Developer,ASTROKYON Sp. z o.o.,2025-01-10,15 000 - 20 500 pln,"['Altium', 'PCB', 'SMD']",https://justjoin.it/job-offer/astrokyon-sp-z-o-o--hardware-developer-krakow-other
Tester Manualny Aplikacji Mobilnych,emagine Polska,2025-01-10,10 080 - 12 600 pln,"['Fully remote', 'Agile/Scrum', 'UAT', 'Testing']",https://justjoin.it/job-offer/emagine-polska-tester-manualny-aplikacji-mobilnych-warszawa-testing
Tester Manualny,emagine Polska,2025-01-10,10 080 - 12 600 pln,"['Fully remote', 'Jira', 'Testing', 'Confluence']",https://justjoin.it/job-offer/emagine-polska-tester-manualny-warszawa-testing
Team Lead UI (React + JavaScript),SCALO,2025-01-10,22 400 - 27 200 pln,"['Fully remote', 'TypeScript', 'JavaScript', 'React']",https://justjoin.it/job-offer/scalo-team-lead-ui-react-javascript--krakow-ux
Team Lead UI (React + JavaScript),SCALO,2025-01-10,22 400 - 27 200 pln,"['Fully remote', 'JavaScript', 'TypeScript', 'React']",https://justjoin.it/job-offer/scalo-team-lead-ui-react-javascript--krakow-javascript
Project Manager (PMO),emagine Polska,2025-01-10,17 640 - 21 000 pln,"['Fully remote', 'Project Management', 'IT']",https://justjoin.it/job-offer/emagine-polska-project-manager-pmo--krakow-pm
Senior System Engineer,Tesco Technology,2025-01-10,25 000 - 35 000 pln,"['Kubernetes', 'Docker', 'Azure']",https://justjoin.it/job-offer/tesco-technology-senior-system-engineer-krakow-devops
Full Stack Developer (Java + React),DevsData LLC,2025-01-10,34 784 - 38 263 pln,"['Fully remote', 'React', 'Java', 'Spring']",https://justjoin.it/job-offer/devsdata-llc-full-stack-developer-java-react--warsaw-java
Senior/Lead Java Developer,Spyrosoft,2025-01-10,27 720 - 32 760 pln,"['Docker', 'Mockito', 'Spring']",https://justjoin.it/job-offer/spyrosoft-senior-lead-java-developer-warszawa-java
Front-end Developer (Prestashop),Sellision,2025-01-10,10 000 - 12 000 pln,"['Fully remote', 'HTML5', 'CSS3', 'PrestaShop']",https://justjoin.it/job-offer/sellision-prestashop-front-end-developer-wroclaw
SAP MDG Consultant,1dea,2025-01-10,25 000 - 33 600 pln,"['Fully remote', 'SAP MDG']",https://justjoin.it/job-offer/1dea-sap-mdg-consultant-warszawa-other
Functional Backend Tester,Link Group,2025-01-10,15 120 - 17 640 pln,"['Testing', 'Agile']",https://justjoin.it/job-offer/link-group-functional-backend-tester-warszawa-testing
Senior Frontend Developer,Team Connect,2025-01-10,26 880 - 28 560 pln,"['Fully remote', 'CSS', 'English', 'TypeScript']",https://justjoin.it/job-offer/team-connect-senior-frontend-developer-warszawa-javascript
SOC Operator,OChK,2025-01-10,6 000 - 8 000 pln,"['Windows', 'Security', 'Unix']",https://justjoin.it/job-offer/ochk-soc-operator-warszawa-security-6b1ef099
Senior Mobile App Developer,DAC.digital,2025-01-10,20 700 - 23 600 pln,"['Fully remote', 'Angular', 'TypeScript', 'iOS']",https://justjoin.it/job-offer/dac-digital-senior-mobile-app-developer-gdansk-mobile
Microsoft 365 Consultant,ITDS,2025-01-10,13 650 - 14 700 pln,['Microsoft 365'],https://justjoin.it/job-offer/itds-microsoft-365-consultant-warszawa-other
Full Stack Java Developer,PITAX SPÓŁKA Z OGRANICZONĄ ODPOWIEDZIALNOŚCIĄ,2025-01-10,17 500 - 22 500 pln,"['Java 8+', 'Spring', 'JavaScript']",https://justjoin.it/job-offer/pitax-spolka-z-ograniczona-odpowiedzialnoscia-full-stack-java-developer-wroclaw-java
Manual Tester,ITDS,2025-01-10,21 000 - 31 500 pln,"['Fully remote', 'Manual Testing', 'Confluence', 'Jira']",https://justjoin.it/job-offer/itds-manual-tester-poland-remote--testing
Full-Stack .NET Engineer,Hays Poland,2025-01-10,13 000 - 28 000 pln,"['.Net', 'Angular']",https://justjoin.it/job-offer/hays-poland-full-stack-net-engineer-wroclaw-net
QA Engineer,Antologic,2025-01-10,12 000 - 15 000 pln,"['TEST SCENARIOS', 'Test Cases', 'Jira']",https://justjoin.it/job-offer/antologic-qa-engineer-wroclaw-testing
Oddo Developer,ITDS,2025-01-10,12 600 - 17 850 pln,"['Fully remote', 'Odoo', 'QWeb', 'JavaScript']",https://justjoin.it/job-offer/itds-oddo-developer-warszawa-python
Java Developer,ITDS,2025-01-10,33 600 - 46 200 pln,"['Spring Boot', 'Java', 'Prometheus']",https://justjoin.it/job-offer/itds-java-developer-netherlands-java
AI Backend Engineer,DAC.digital,2025-01-10,30 000 - 38 000 pln,"['Fully remote', 'Linux', 'Docker', 'AWS']",https://justjoin.it/job-offer/dac-digital-ai-backend-engineer-gdansk-ai
Discovery Consultant,Zoovu,2025-01-10,9 000 - 16 000 pln,"['Fully remote', 'JavaScript', 'CSS', 'HTML']",https://justjoin.it/job-offer/zoovu-discovery-consultant-wroclaw-javascript
Microsoft Dynamics 365 Architect,ITDS,2025-01-10,20 000 - 28 000 pln,"['.Net', 'English', 'Microsoft Dynamics']",https://justjoin.it/job-offer/itds-microsoft-dynamics-365-architect-krakow-architecture
System Engineer,AVSystem,2025-01-13,18 000 - 20 000 pln,"['English', 'Polish', 'Network Protocols']",https://justjoin.it/job-offer/avsystem-system-engineer-krakow-support
System Analyst,AVSystem,2025-01-13,18 000 - 20 000 pln,"['English', 'Polish', 'Network Protocols']",https://justjoin.it/job-offer/avsystem-system-analyst-krakow-support-af78fb6a
System Analyst,AVSystem,2025-01-13,18 000 - 20 000 pln,"['Polish', 'English', 'Network Protocols']",https://justjoin.it/job-offer/avsystem-system-analyst-krakow-analytics-17652b72
Customer Success Expert,AVSystem,2025-01-13,15 000 - 18 000 pln,"['English', 'Polish', 'IT Support']",https://justjoin.it/job-offer/avsystem-customer-success-expert-krakow-support
First Line Support Engineer,AVSystem,2025-01-13,7 000 - 9 000 pln,"['Polish', 'Linux', 'Networking protocols']",https://justjoin.it/job-offer/avsystem-first-line-support-engineer-krakow-support
Senior Cloud Data Engineer (Azure and Databricks),Future Processing,2025-01-13,21 000 - 33 000 pln,"['Fully remote', 'Azure', 'Apache Spark', 'Synapse']",https://justjoin.it/job-offer/future-processing-senior-cloud-data-engineer-azure-and-databricks--gliwice-data
Senior Back-end Developer,Jit Team,2025-01-13,19 000 - 25 200 pln,"['.Net Framework', 'REST', 'MS SQL Server']",https://justjoin.it/job-offer/jit-team-senior-back-end-developer-warszawa-net-c2c69f54
Devops Engineer with Azure,Link Group,2025-01-13,15 000 - 16 500 pln,"['Fully remote', 'Bash', 'Python', 'Cloud']",https://justjoin.it/job-offer/link-group-devops-engineer-with-azure-warszawa-devops-0ed75951
IT Business and System Analyst,Primaris,2025-01-13,21 840 - 25 200 pln,"['UML', 'BPMN', 'Insurance']",https://justjoin.it/job-offer/primaris-it-business-and-system-analyst-warszawa-analytics
Administrator IT,ER Group,2025-01-13,11 000 - 14 000 pln,"['SQL', 'Network Administration', 'LAN/WAN']",https://justjoin.it/job-offer/er-group-administrator-it-mielec-admin
Manual Testing and Support Specialist,Primaris,2025-01-13,6 720 - 8 400 pln,"['Fully remote', 'SQL', 'Jira', 'Postman']",https://justjoin.it/job-offer/primaris-manual-testing-and-support-specialist-warszawa-testing
Senior Android Software Engineer,ZEN.COM,2025-01-13,23 000 - 27 000 pln,"['Fully remote', 'Android SDK', 'Android Jetpack', 'Dagger 2']",https://justjoin.it/job-offer/zen-com-senior-android-software-engineer-warszawa-mobile
Data Engineer (Snowflake & ODI),Holisticon Insight,2025-01-13,19 000 - 25 704 pln,"['Fully remote', 'ETL', 'Snowflake', 'SQL']",https://justjoin.it/job-offer/holisticon-insight-data-engineer-snowflake-odi--wroclaw-data
Product Owner,ITDS,2025-01-13,21 000 - 25 200 pln,"['Agile', 'REST API', 'banking']",https://justjoin.it/job-offer/itds-product-owner-poznan-pm-edd5a0a5
Technik Rozwiązań Przemysłowych,Connectis,2025-01-13,11 500 - 16 800 pln,"['Microsoft Office', 'Scada', 'Visual Basic']",https://justjoin.it/job-offer/connectis-technik-rozwiazan-przemyslowych-mszczonow-admin
Senior DevOps Engineer,Hays Poland,2025-01-13,25 000 - 30 000 pln,"['English', 'Team Management', 'Docker']",https://justjoin.it/job-offer/hays-poland-senior-devops-engineer-warszawa-devops-fc5e505a
Linux / Unix Administrator,Avenga,2025-01-13,20 000 - 23 500 pln,"['Linux', 'Unix', 'Patch management']",https://justjoin.it/job-offer/avenga-linux-unix-administrator-warszawa-admin
Administrator ERP (Comarch XL),ER Group,2025-01-13,14 000 - 17 000 pln,"['Comarch ERP XL', 'SQL', 'ERP']",https://justjoin.it/job-offer/er-group-administrator-erp-comarch-xl--gdansk-erp-9696af25
Senior Java Developer,SCALO,2025-01-13,21 840 - 23 519 pln,"['Fully remote', 'Spring', 'Microservices', 'Java 8+']",https://justjoin.it/job-offer/scalo-senior-java-developer-krakow-security
Senior Automation Tester/QA,SCALO,2025-01-13,21 000 - 23 500 pln,"['Fully remote', 'JavaScript', 'Playwright', 'Cypress']",https://justjoin.it/job-offer/scalo-senior-automation-tester-qa-warszawa-testing
Team Agile Coach,ITFS,2025-01-13,23 500 - 25 700 pln,"['Fully remote', 'Power BI', 'Visio']",https://justjoin.it/job-offer/itfs-team-agile-coach-warszawa-other
Test Automation Engineer,ITDS,2025-01-13,21 000 - 24 150 pln,"['Oracle, PostgreSQL, MongoDB', 'Microservices architecture', 'Java']",https://justjoin.it/job-offer/itds-test-automation-engineer-krakow-java
DevOps Engineer with Kubernetes [Ogłoszenie do 31.01],Jit Team,2025-01-13,19 000 - 29 400 pln,"['Fully remote', 'Git', 'Azure DevOps', 'Azure']",https://justjoin.it/job-offer/jit-team-kubernetes-engineer-ogloszenie-do-31-01--gliwice-devops
Data Engineer Lead,Affirm,2025-01-13,22 750 - 32 083 pln,"['Fully remote', 'SQL', 'ETL', 'Snowflake']",https://justjoin.it/job-offer/affirm-analytics-lead-full-stack-accounting--warszawa-analytics
QA Automation Test Engineer,Pretius,2025-01-13,25 200 - 28 560 pln,"['Fully remote', 'API Testing']",https://justjoin.it/job-offer/pretius-qa-automation-test-engineer-warszawa-testing
PHP Developer (Symfony / mid),tomHRM,2025-01-13,13 000 - 15 000 pln,"['Fully remote', 'PHP', 'Symfony', 'API']",https://justjoin.it/job-offer/tomhrm-php-developer-symfony-mid--warszawa-php-3e0b7f02
Build to Run Manager,emagine Polska,2025-01-13,28 500 - 33 600 pln,"['English', 'French', 'ITIL']",https://justjoin.it/job-offer/emagine-polska-build-to-run-manager-warszawa-other
Senior .NET Developer,emagine Polska,2025-01-13,26 800 - 30 200 pln,"['Fully remote', 'C#', '.Net', 'Solid']",https://justjoin.it/job-offer/emagine-polska-senior-net-developer-warszawa-net
Trener Online - Programowanie i Projektowanie Gier,Kodland,2025-01-13,3 500 - 4 500 pln,"['Fully remote', 'C++', 'LUA', 'Roblox']",https://justjoin.it/job-offer/kodland-trener-online---programowanie-i-projektowanie-gier-katowice-html
Trener Online - Programowanie i Projektowanie Gier,Kodland,2025-01-13,3 500 - 4 500 pln,"['Fully remote', 'C++', 'LUA', 'Roblox']",https://justjoin.it/job-offer/kodland-trener-online---programowanie-i-projektowanie-gier-warsaw-game
Senior SAP Basis Engineer,DEVTALENTS Sp. z o.o.,2025-01-13,25 000 - 33 000 pln,"['SAP HANA', 'AWS', 'Windows']",https://justjoin.it/job-offer/devtalents-sp-z-o-o--senior-sap-basis-engineer-warszawa-erp
Senior Python AI Engineer,DEVTALENTS Sp. z o.o.,2025-01-13,25 000 - 32 000 pln,"['AI', 'Python', 'AWS']",https://justjoin.it/job-offer/devtalents-sp-z-o-o--senior-python-ai-engineer-warszawa-python
Senior Machine Learning Engineer,DEVTALENTS Sp. z o.o.,2025-01-13,25 000 - 32 000 pln,"['Python', 'Machine Learning', 'Airflow']",https://justjoin.it/job-offer/devtalents-sp-z-o-o--senior-machine-learning-engineer-warszawa-ai
Golang Engineer,Acaisoft,2025-01-13,17 000 - 22 000 pln,"['Fully remote', 'MongoDB', 'Golang', 'Apache Kafka']",https://justjoin.it/job-offer/acaisoft-golang-engineer-warszawa-go
Hadoop Administrator,Kevin Edward,2025-01-13,15 000 - 27 000 pln,"['Big Data', 'Hadoop', 'Spark']",https://justjoin.it/job-offer/kevin-edward-hadoop-administrator-warszawa-admin-3ef57d11
Senior Software Engineer (Java),Kyriba,2025-01-13,20 000 - 27 000 pln,"['Fully remote', 'Java', 'Spring', 'OOP']",https://justjoin.it/job-offer/kyriba-senior-software-engineer-java--warszawa-java
PHP Developer,Square One,2025-01-13,18 000 - 22 000 pln,"['Fully remote', 'PHP', 'SQL', 'Symfony']",https://justjoin.it/job-offer/square-one-php-developer-warszawa-php-76e7f35d
"Principal Software Engineer (AI/ ML- Python, JAVA) (m/f/x)",HERE Technologies,2025-01-13,25 000 - 38 000 pln,"['Fully remote', 'Java', 'Machine Learning', 'C++']",https://justjoin.it/job-offer/here-technologies-principal-software-engineer-ai-ml--python-java-m-f-x--krakow-data
"Principal Software Engineer (AI/ ML- Python, JAVA) (m/f/x)",HERE Technologies,2025-01-13,25 000 - 38 000 pln,"['Fully remote', 'Python', 'C++', 'AI']",https://justjoin.it/job-offer/here-technologies-principal-software-engineer-ai-ml--python-java-m-f-x--krakow-java
"Principal Software Engineer (AI/ ML- Python, JAVA) (m/f/x)",HERE Technologies,2025-01-13,25 000 - 38 000 pln,"['Fully remote', 'Python', 'C++', 'AI']",https://justjoin.it/job-offer/here-technologies-principal-software-engineer-ai-ml--python-java-m-f-x--krakow-python
"Senior Fullstack Developer (.NET, React)",Directio,2025-01-13,25 000 - 29 000 pln,"['Fully remote', '.Net', 'React', 'Azure']",https://justjoin.it/job-offer/directio-senior-fullstack-developer-net-react--warszawa-net
Image Analysis Software Engineer,ITFS,2025-01-13,21 800 - 24 200 pln,"['Fully remote', 'Cloud', 'Python', 'GitLab']",https://justjoin.it/job-offer/itfs-image-analysis-software-engineer-warszawa-python
Senior GoLang Developer,Transition Technologies PSC,2025-01-13,100 - 180 pln,"['Fully remote', 'Golang']",https://justjoin.it/job-offer/transition-technologies-psc-senior-golang-developer-lodz-go
Fullstack Developer (TypeScript & JavaScript),Relout,2025-01-13,12 000 - 22 000 pln,"['Fully remote', 'JavaScript', 'TypeScript', 'Node.js']",https://justjoin.it/job-offer/relout-fullstack-developer-typescript-javascript--warszawa-javascript
Integration Team Lead / Manager,emagine Polska,2025-01-13,25 000 - 31 000 pln,"['Git', 'Team Leadership', 'IBM App Connect Enterprise']",https://justjoin.it/job-offer/emagine-polska-integration-team-lead-manager-warszawa-pm
SAP BTP UI5 Developer,emagine Polska,2025-01-13,21 503 - 32 254 pln,"['Fully remote', 'sap ui5', 'workflows']",https://justjoin.it/job-offer/emagine-polska-sap-btp-ui5-developer-warszawa-other
Senior DataStage Developer,Jit Team,2025-01-13,20 000 - 24 000 pln,"['IBM', 'Microsoft SQL', 'Data']",https://justjoin.it/job-offer/jit-team-senior-datastage-developer-warszawa-data
C#/C++ Metrology Software Developer,Carl Zeiss IQS Software R&D Center Sp. z o.o.,2025-01-13,12 000 - 17 500 pln,"['C#', 'Clean Code', 'CUDA']",https://justjoin.it/job-offer/carl-zeiss-iqs-software-r-d-center-sp-z-o-o--c-c-metrology-software-developer-slupsk-c
Java Developer,ITFS,2025-01-13,15 120 - 17 472 pln,"['Spring', 'Java']",https://justjoin.it/job-offer/itfs-java-developer-poznan-java
Senior Full-Stack Engineer,N-iX,2025-01-13,19 224 - 25 410 pln,"['Fully remote', 'React', 'Java']",https://justjoin.it/job-offer/n-ix-senior-full-stack-engineer-krakow-java
Full Stack Developer,ITDS,2025-01-13,21 000 - 26 880 pln,"['.NET C#', 'MS SQL Server', 'BDD']",https://justjoin.it/job-offer/itds-full-stack-developer-krakow-net
Fullstack Magento Development Lead,Xebia sp. z o.o.,2025-01-13,14 000 - 23 000 pln,"['Fully remote', 'PHP', 'Magento 2', 'AWS']",https://justjoin.it/job-offer/xebia-sp-z-o-o--fullstack-magento-development-lead-rzeszow-php
Mid .NET Developer,Jit Team,2025-01-13,17 100 - 25 200 pln,"['REST API', 'Entity Framework', 'Azure Services']",https://justjoin.it/job-offer/jit-team-mid-net-developer-gdynia-net
Salesforce Customer Support,Link Group,2025-01-13,14 000 - 18 000 pln,"['Fully remote', 'Customer Support', 'English', 'Salesforce']",https://justjoin.it/job-offer/link-group-salesforce-customer-support-warszawa-erp
Web Designer (E-commerce),E Net Production Sp. z o.o.,2025-01-13,8 000 - 12 000 pln,"['Fully remote', 'Figma', 'Adobe CC']",https://justjoin.it/job-offer/e-net-production-sp-z-o-o--web-designer-e-commerce--katowice-other
Scrum Master,E Net Production Sp. z o.o.,2025-01-06,10 000 - 15 000 pln,"['Fully remote', 'Communication Skills', 'Scrum', 'Agile']",https://justjoin.it/job-offer/e-net-production-sp-z-o-o--scrum-master-katowice-pm-1851cc81
PHP Developer,E Net Production Sp. z o.o.,2025-01-06,12 000 - 18 000 pln,"['Fully remote', 'MySQL', 'PHP', 'Docker']",https://justjoin.it/job-offer/e-net-production-sp-z-o-o--php-developer-katowice-php-fc887eef
Senior IT Project Manager (Infrastructure),Link Group,2025-01-13,15 000 - 25 000 pln,"['Project Management', 'Cloud', 'Network Administration']",https://justjoin.it/job-offer/link-group-senior-it-project-manager-infrastructure--wroclaw-pm
Game Developer,CrustLab,2025-01-13,10 080 - 14 280 pln,"['Fully remote', 'OOP', 'JavaScript', 'Git']",https://justjoin.it/job-offer/crustlab-game-developer-krakow-game-702bddcd

Senior React Developer,Momentum,2025-01-16,16 000 - 20 000 pln,"['Fully remote', 'JavaScript', 'React', 'HTML']",https://justjoin.it/job-offer/momentum-senior-react-developer-wroclaw-javascript
Frontend Developer,Harvey Nash Technology,2025-01-20,23 500 - 33 500 pln,"['React', 'JavaScript', 'TypeScript']",https://justjoin.it/job-offer/harvey-nash-technology-frontend-developer-warszawa-javascript
Fullstack (Angular 80%/ Java 20%) Dev,Crestt,2025-01-20,20 160 - 22 680 pln,"['Fully remote', 'Angular', 'JavaScript', 'TypeScript']",https://justjoin.it/job-offer/crestt-fullstack-angular-80-java-20-dev-warszawa-javascript
(Cybersecurity) Senior Project Manager,ITDS,2025-01-20,21 000 - 25 000 pln,"['Confluence', 'Jira', 'Englsh']",https://justjoin.it/job-offer/itds--cybersecurity-senior-project-manager-krakow-pm
Senior Front-end Developer (React.js) - Banking,ITDS,2025-01-20,22 000 - 29 400 pln,"['TypeScript', 'JavaScript', 'React.JS']",https://justjoin.it/job-offer/itds-senior-front-end-developer-react-js---banking-warszawa-javascript
Junior Frontend Developer,"Grupa eSprzedaż, Netgraf",2025-01-20,4 000 - 8 000 pln,"['Fully remote', 'Git', 'HTML/CSS/SASS', 'JS/jQuery']",https://justjoin.it/job-offer/netgraf-junior-frontend-developer-warszawa
Programista C#,Optimakers,2025-01-20,6 000 - 12 000 pln,"['Fully remote', 'ASP.NET', 'Razor', 'jQuery']",https://justjoin.it/job-offer/optimakers-programista-c--bydgoszcz-net-85af7cbd
Senior Full-Stack Engineer,Clarksons,2025-01-20,24 000 - 27 000 pln,"['Fully remote', '.NET C#', '.NET Core', 'TypeScript']",https://justjoin.it/job-offer/clarksons-senior-full-stack-engineer---we-re-building-a-new-team-poznan-net
Remote FullStack Developer,Montrose Software( Polska) Sp.z.o.o,2025-01-20,13 370 - 21 400 pln,"['Fully remote', 'Git', 'AWS', 'SVN']",https://justjoin.it/job-offer/montrose-software-polska-sp-z-o-o-remote-fullstack-developer-krakow-javascript-e1e3d2cb
Lead Backend Engineer (Senior II),Sea,2025-01-20,28 000 - 32 000 pln,"['Fully remote', '.Net', 'Redis', 'Mentoring']",https://justjoin.it/job-offer/sea-lead-backend-engineer-senior-ii--poznan-net
Remote DevOps Engineer,Montrose Software( Polska) Sp.z.o.o,2025-01-20,13 300 - 21 400 pln,"['Fully remote', 'AWS', 'Kubernetes', 'Python']",https://justjoin.it/job-offer/montrose-software-polska-sp-z-o-o-remote-devops-engineer-krakow-devops-9bb9819f
"Regular Fullstack Developer (Java, React)",Jit Team,2025-01-20,18 900 - 25 200 pln,"['Kotlin', 'Microservices', 'TypeScript']",https://justjoin.it/job-offer/jit-team-regular-fullstack-developer-java-react--warszawa-java
Project Management Officer,ITDS,2025-01-20,17 000 - 20 400 pln,"['Private Banking', 'MS Office', 'Waterfall']",https://justjoin.it/job-offer/itds-project-management-officer-warszawa-pm
Business Analyst,Antal Sp. z o.o.,2025-01-20,18 000 - 30 000 pln,"['Python', 'Cloud', 'PM']",https://justjoin.it/job-offer/antal-sp-z-o-o--business-analyst-krakow-analytics-23892bd7
Lead General QC Engineer,N-iX,2025-01-20,12 424 - 22 777 pln,"['Fully remote', 'Java', 'JavaScript', 'TDD']",https://justjoin.it/job-offer/n-ix-lead-general-qc-engineer-krakow-testing
Senior Python Engineer,N-iX,2025-01-20,20 707 - 25 262 pln,"['Fully remote', 'Python', 'Databases', 'REST API']",https://justjoin.it/job-offer/n-ix-senior-python-engineer-krakow-python
Remote FullStack JS Developer - MID,GMI Software,2025-01-20,12 000 - 18 000 pln,"['Fully remote', 'TypeScript', 'Node.js', 'Nest.js']",https://justjoin.it/job-offer/gmi-software-remote-fullstack-js-developer---mid-warszawa-javascript
Remote Backend Developer,GMI Software,2025-01-20,12 000 - 18 000 pln,"['Fully remote', 'GitLab', 'Nest.js', 'Node.js']",https://justjoin.it/job-offer/gmi-software-remote-backend-developer-warszawa-javascript
Backend/Data Engineer,Espeo Software,2025-01-20,20 800 - 24 000 pln,"['Java', 'Python', 'Cloud']",https://justjoin.it/job-offer/espeo-software-backend-data-engineer-krakow-data
Senior .NET Developer,Fortegia,2025-01-20,18 000 - 28 500 pln,"['.Net', 'ASP.NET', 'Software Architecture']",https://justjoin.it/job-offer/fortegia-senior-net-developer-warszawa-net
Data Analyst,PeakData,2025-01-20,6 389 - 12 778 pln,"['Big Data', 'ETL', 'Analytical Thinking']",https://justjoin.it/job-offer/peakdata-data-analyst-wroclaw-data
Senior SAP Consultant,Script Ship Sp z. o.o.,2025-01-20,34 000 - 44 000 pln,"['Fully remote', 'SAP', 'SAP HANA', 'SAP S/4HANA']",https://justjoin.it/job-offer/script-ship-sp-z-o-o--senior-sap-consultant-gdansk-erp
